code,name,industry,tracking_index,asset_size_cny,date,close,return_1d,mom20,mom60,ma5,ma10,ma20,trend20,vol20,amount60,rank_mom20,rank_mom60,rank_trend20,rank_vol20,rank_amount60,score,trend_ok
158003,嘉实中证港股通医疗主题ETF,医药生物,中证港股通医疗主题指数,260000000.0,2026-09-22,1.035,-0.0057636887608069065,-0.004807692307692402,,1.0114,0.9934999999999998,0.9999,0.035103510351035094,0.2700478158799506,25042225.68,0.4279475982532751,,0.834061135371179,0.6331877729257642,0.42358078602620086,,False
158006,博时中证细分化工产业主题ETF,基础化工,细分化工,213000000.0,2026-09-22,0.983,-0.006066734074823055,-0.028656126482213495,,0.9806000000000001,0.9904,1.0115500000000002,-0.02822401265384822,0.25481576162475117,6878927.181818182,0.22270742358078602,,0.1572052401746725,0.5589519650655022,0.056768558951965066,,False
158017,易方达中证细分化工产业主题ETF,基础化工,细分化工,341000000.0,2026-09-22,0.967,-0.006166495375128478,,,0.9644,0.9731,,,,,,,,,,,False
158019,电池ETF永赢,电力设备,中证电池主题指数,294000000.0,2026-09-22,0.917,0.0,,,0.9132,0.9128000000000001,,,,,,,,,,,False
158027,易方达中证工业互联网主题ETF,机械设备,中证工业互联网主题指数,237000000.0,2026-09-22,0.986,0.010245901639344357,,,0.9681999999999998,0.9571,,,,,,,,,,,False
158032,景顺长城中证细分化工产业主题ETF,基础化工,细分化工,271000000.0,2026-09-22,0.96,-0.006211180124223614,,,0.9578,,,,,,,,,,,,False
158038,富国国证粮食产业ETF,农林牧渔,国证粮食产业指数,206000000.0,2026-09-22,1.005,-0.007897334649555776,,,0.9934,,,,,,,,,,,,False
159007,华泰柏瑞中证畜牧养殖产业ETF,农林牧渔,中证畜牧养殖产业指数,156000000.0,2026-09-22,0.889,-0.00891861761426982,0.01252847380410027,0.12531645569620253,0.8859999999999999,0.8966,0.9016500000000001,-0.01402983419286874,0.22544511273270595,17007952.633333333,0.6157205240174672,0.861244019138756,0.34934497816593885,0.4017467248908297,0.31004366812227074,0.5466319132487829,False
159011,华安中证畜牧养殖产业ETF,农林牧渔,中证畜牧养殖产业指数,233000000.0,2026-09-22,1.064,-0.012987012987012991,0.009487666034155628,0.10948905109489071,1.0606,1.0735999999999999,1.07995,-0.014769202277883142,0.23512610347167204,8202904.783333333,0.5764192139737991,0.8038277511961722,0.33624454148471616,0.47161572052401746,0.1222707423580786,0.5031737740540314,False
159023,万家中证畜牧养殖产业ETF,农林牧渔,中证畜牧养殖产业指数,239000000.0,2026-09-22,1.069,-0.008348794063079867,0.007540056550424223,0.11007268951194193,1.065,1.0793,1.08615,-0.015789715969249163,0.23259945312573302,8909177.433333334,0.5414847161572053,0.8086124401913876,0.3056768558951965,0.45414847161572053,0.14847161572052403,0.4882545287394747,False
159027,大成中证畜牧养殖产业ETF,农林牧渔,中证畜牧养殖产业指数,227000000.0,2026-09-22,0.913,-0.007608695652173925,0.009955752212389424,0.11750305997552024,0.9088,0.9208000000000001,0.92645,-0.014517782934858836,0.2265817140864161,6770111.133333334,0.5807860262008734,0.8373205741626795,0.3406113537117904,0.4104803493449782,0.05240174672489083,0.5234115459351038,False
159029,广发中证有色金属矿业主题ETF,有色金属,中证有色金属矿业主题指数,312000000.0,2026-09-22,0.88,0.003420752565564511,-0.04761904761904767,-0.024390243902439046,0.8778,0.8893000000000001,0.9125,-0.03561643835616435,0.26987305203734785,19792280.066666666,0.17467248908296942,0.6076555023923444,0.11790393013100436,0.62882096069869,0.35807860262008734,0.23451348697269175,False
159030,华夏国证粮食产业ETF,农林牧渔,国证粮食产业指数,241000000.0,2026-09-22,0.901,-0.00770925110132159,0.03801843317972353,0.17165149544863456,0.8896000000000001,0.9071999999999999,0.9146500000000002,-0.014923741321817285,0.5072500303586809,35725884.86666667,0.8296943231441049,0.9043062200956937,0.3318777292576419,0.9868995633187773,0.5240174672489083,0.5745857796535802,False
159031,博时国证粮食产业ETF,农林牧渔,国证粮食产业指数,275000000.0,2026-09-22,0.996,-0.008955223880596885,0.03750000000000009,0.16219369894982494,0.985,1.0049,1.0126,-0.016393442622950727,0.5010161452549416,8244818.283333333,0.8165938864628821,0.8803827751196173,0.2794759825327511,0.982532751091703,0.12663755458515283,0.5515837529512546,False
159033,国泰国证粮食产业ETF,农林牧渔,国证粮食产业指数,252000000.0,2026-09-22,1.02,-0.0077821011673151474,0.03658536585365857,0.16838487972508598,1.008,1.0291000000000001,1.0367000000000002,-0.01610880679077853,0.49486607919752995,30778518.466666665,0.7947598253275109,0.8899521531100478,0.29694323144104806,0.9694323144104804,0.4759825327510917,0.552094607300307,False
159038,易方达国证粮食产业ETF,农林牧渔,国证粮食产业指数,232000000.0,2026-09-22,0.966,-0.007194244604316502,0.038709677419354716,0.1709090909090909,0.9538,0.9729000000000001,0.98065,-0.014939071024320683,0.49418725250940926,21258576.45,0.834061135371179,0.8995215311004785,0.32751091703056767,0.9606986899563319,0.38427947598253276,0.5761862476755605,False
159039,华安国证机器人产业ETF,机械设备,国证机器人产业指数,330000000.0,2026-09-22,0.822,0.0012180267965895553,-0.012019230769230727,-0.18452380952380953,0.8122,0.8065000000000001,0.8174999999999999,0.005504587155963359,0.20784698668193335,56612038.8,0.3624454148471616,0.35406698564593303,0.5851528384279476,0.3318777292576419,0.6244541484716157,0.3346221349324084,False
159041,鹏华中证农业主题ETF,农林牧渔,中证农业主题指数,222000000.00000003,2026-09-22,1.021,-0.006809338521400865,0.008893280632410905,0.11584699453551894,1.0157999999999998,1.0308,1.04145,-0.01963608430553565,0.2494655345329877,5863662.583333333,0.5720524017467249,0.8325358851674641,0.2096069868995633,0.5283842794759825,0.039301310043668124,0.4806888698522805,False
159048,大成国证机器人产业ETF,机械设备,国证机器人产业指数,334000000.0,2026-09-22,0.848,0.0011806375442739991,-0.007025761124121788,-0.17988394584139267,0.8371999999999999,0.8311999999999999,0.8427499999999999,0.006229605458321075,0.18106867132118915,19004846.866666667,0.4104803493449782,0.37799043062200954,0.6069868995633187,0.1572052401746725,0.34934497816593885,0.38164162888364217,False
159049,有色ETF工银,有色金属,中证有色金属矿业主题指数,245000000.00000003,2026-09-22,0.97,0.0031023784901758056,-0.058252427184466105,,0.9698,0.9823999999999999,1.00845,-0.03812781992166203,0.2479820005691769,11885658.018181818,0.13537117903930132,,0.09170305676855896,0.519650655021834,0.2183406113537118,,False
159050,广发国证机器人产业ETF,机械设备,国证机器人产业指数,348000000.0,2026-09-22,0.839,0.0011933174224343368,-0.005924170616113722,-0.18146341463414628,0.8295999999999999,0.8230999999999999,0.8340500000000001,0.005934895989448963,0.19786805227738008,48840913.11666667,0.42358078602620086,0.36363636363636365,0.5982532751091703,0.2794759825327511,0.5938864628820961,0.36722905915045656,False
159060,浦银国证粮食产业ETF,农林牧渔,国证粮食产业指数,224000000.00000003,2026-09-22,1.052,-0.00661000944287049,0.03339882121807469,0.15731573157315726,1.0388,1.0611,1.0744500000000001,-0.020894411094048215,0.4987889454901701,4037021.283333333,0.759825327510917,0.8708133971291866,0.1965065502183406,0.9781659388646288,0.021834061135371178,0.5122082697812415,False
159063,南方国证粮食产业ETF,农林牧渔,国证粮食产业指数,255000000.0,2026-09-22,1.078,-0.006451612903225712,0.04154589371980699,0.16919739696312375,1.0634000000000001,1.0844,1.09315,-0.013859031239994546,0.4936034369300765,13299324.783333333,0.8602620087336245,0.8947368421052632,0.3537117903930131,0.9563318777292577,0.2445414847161572,0.5893587680992876,False
159072,景顺长城国证粮食产业ETF,农林牧渔,国证粮食产业指数,224000000.00000003,2026-09-22,1.154,-0.007738607050730928,0.036837376460017834,,1.1400000000000001,1.1636,1.17355,-0.01665885560904956,0.4797389171881593,17051402.625,0.7991266375545851,,0.2663755458515284,0.9519650655021834,0.314410480349345,,False
159073,汇添富国证粮食产业ETF,农林牧渔,国证粮食产业指数,232000000.0,2026-09-22,1.067,-0.008364312267658103,0.0419921875,,1.0552,1.077,1.08465,-0.016272530309316302,0.5163217472039796,29549798.291666668,0.8646288209606987,,0.28820960698689957,0.9912663755458515,0.4672489082969432,,False
159075,华夏中证工业互联网主题ETF,机械设备,中证工业互联网主题指数,253000000.0,2026-09-22,0.909,0.012249443207126953,0.0077605321507761005,,0.8912000000000001,0.8816,0.8945000000000001,0.016210173281162588,0.22226185174944482,4878368.3125,0.5545851528384279,,0.6462882096069869,0.39737991266375544,0.034934497816593885,,True
159077,鑫元中证电池主题ETF,电力设备,中证电池主题指数,208000000.0,2026-09-22,0.89,0.0011248593925758943,-0.0680628272251308,,0.8854000000000001,0.8852,0.9057999999999999,-0.017443144181938486,0.19779193049555716,8027974.133333334,0.09606986899563319,,0.25327510917030566,0.27510917030567683,0.1091703056768559,,False
159082,华夏中证细分化工产业主题ETF,基础化工,细分化工,203000000.0,2026-09-22,0.953,-0.008324661810613976,-0.017525773195876337,,0.9513999999999999,0.9604000000000001,0.9824999999999999,-0.030025445292620856,0.2516832899728621,9225015.391304348,0.314410480349345,,0.12663755458515283,0.5414847161572053,0.1572052401746725,,False
159086,广发中证金融科技主题ETF,非银金融,中证金融科技主题指数,239000000.0,2026-09-22,1.045,0.0,0.0028790786948176272,,1.0242,1.0256,1.0534000000000001,-0.007974178849440072,0.2777671103908789,11300742.102564102,0.48034934497816595,,0.4104803493449782,0.6812227074235808,0.1965065502183406,,False
159087,万家中证细分化工产业主题ETF,基础化工,细分化工,218000000.00000003,2026-09-22,0.993,-0.004012036108325012,-0.017804154302670572,,0.9907999999999999,1.0005,1.0227499999999998,-0.02908824248350017,0.2407052837768226,8125789.486486486,0.31004366812227074,,0.14847161572052403,0.4978165938864629,0.11790393013100436,,False
159093,汇添富中证细分化工产业主题ETF,基础化工,细分化工,237000000.0,2026-09-22,0.991,-0.00800800800800805,-0.01783944499504453,,0.9888,0.9977999999999998,1.02105,-0.029430488222907836,0.2622914045280138,11715169.564102564,0.3056768558951965,,0.13973799126637554,0.6026200873362445,0.21397379912663755,,False
159103,汇添富中证金融科技主题ETF,非银金融,中证金融科技主题指数,210000000.0,2026-09-22,0.657,0.004587155963302836,0.004587155963302836,-0.010542168674698815,0.6439999999999999,0.6451,0.6627,-0.008601177003168758,0.2904660400939418,7948523.433333334,0.4978165938864629,0.6555023923444976,0.3930131004366812,0.7248908296943232,0.10480349344978165,0.4097751822987401,False
159123,嘉实中证光伏产业ETF,电力设备,中证光伏产业指数,417000000.0,2026-09-22,0.875,-0.003416856492027387,-0.024526198439241975,-0.21028880866426003,0.8667999999999999,0.8625999999999999,0.8737,0.0014879249170194342,0.19810414037136767,7307907.066666666,0.27074235807860264,0.2822966507177033,0.4890829694323144,0.2838427947598253,0.07423580786026202,0.2629959674891874,False
159129,嘉实中证细分化工产业主题ETF,基础化工,细分化工,1359000000.0,2026-09-22,1.03,-0.004830917874396046,-0.01151631477927062,-0.09010600706713767,1.0256,1.034,1.0560500000000002,-0.024667392642393926,0.25751129602149786,23090967.9,0.37117903930131,0.507177033492823,0.18340611353711792,0.5895196506550219,0.4017467248908297,0.2851538831198679,False
159133,天弘中证细分化工产业主题ETF,基础化工,细分化工,2034000000.0,2026-09-22,1.053,-0.0066037735849058254,-0.014967259120673537,-0.09380378657487087,1.0501999999999998,1.06,1.08345,-0.02810466565139147,0.25682272279618457,37402472.983333334,0.3537117903930131,0.5023923444976076,0.1615720524017467,0.5851528384279476,0.537117903930131,0.2734355738492718,False
159137,华宝中证港股通医疗主题ETF,医药生物,中证港股通医疗主题指数,148000000.0,2026-09-22,1.01,-0.006882989183874089,-0.0009891196834815874,0.286624203821656,0.9846,0.9652,0.9715999999999999,0.0395224372169618,0.2987620428369303,73301233.48333333,0.4497816593886463,0.9952153110047847,0.868995633187773,0.7510917030567685,0.6724890829694323,0.6044388959695786,False
159147,南方中证电池主题ETF,电力设备,中证电池主题指数,2203000000.0,2026-09-22,0.796,0.0012578616352201255,-0.06682297772567403,-0.2390057361376673,0.7918000000000001,0.7913,0.8092,-0.016312407315867472,0.20200995160668803,35648661.733333334,0.1091703056768559,0.20095693779904306,0.2838427947598253,0.31004366812227074,0.519650655021834,0.13430872735630262,False
159155,大成中证电池主题ETF,电力设备,中证电池主题指数,571000000.0,2026-09-22,0.796,0.0012578616352201255,-0.06462984723854281,-0.23754789272030652,0.7922,0.7921,0.8105,-0.01789019123997526,0.20045073793376036,24386175.133333333,0.13100436681222707,0.215311004784689,0.24017467248908297,0.29694323144104806,0.4192139737991266,0.1395509914126324,False
159160,电池ETF东财,电力设备,中证电池主题指数,173000000.0,2026-09-22,0.782,0.0,-0.06571087216248495,-0.24517374517374513,0.7774,0.7769,0.79435,-0.015547302826210085,0.18582242424418338,18920436.366666667,0.11790393013100436,0.1722488038277512,0.314410480349345,0.18777292576419213,0.34497816593886466,0.14565826037901422,False
159163,泰康中证有色金属矿业主题ETF,有色金属,中证有色金属矿业主题指数,192000000.0,2026-09-22,0.731,0.00136986301369868,-0.04941482444733425,-0.024032042723631575,0.7305999999999999,0.7402,0.75945,-0.03746132069260644,0.27155391745113616,6217135.916666667,0.1572052401746725,0.6124401913875598,0.1091703056768559,0.6462882096069869,0.048034934497816595,0.22658114122145376,False
159167,港股通医疗ETF工银,医药生物,中证港股通医疗主题指数,184000000.0,2026-09-22,0.998,-0.005976095617529875,0.007063572149344166,0.2811296534017971,0.9732,0.9530000000000001,0.95755,0.04224322489687227,0.2741013456381287,50870161.15,0.537117903930131,0.9808612440191388,0.9126637554585153,0.6637554585152838,0.6026200873362445,0.6474499070224191,True
159172,汇添富中证畜牧养殖产业ETF,农林牧渔,中证畜牧养殖产业指数,286000000.0,2026-09-22,0.84,-0.004739336492891044,0.013268998793727338,0.11553784860557759,0.8353999999999999,0.8466999999999999,0.8521000000000001,-0.01420021124281201,0.21584291301629613,13495972.3,0.62882096069869,0.8277511961722488,0.34497816593886466,0.3799126637554585,0.25327510917030566,0.5408046217170556,False
159175,易方达中证电池主题ETF,电力设备,中证电池主题指数,506000000.0,2026-09-22,0.847,0.0011820330969267712,-0.06512141280353212,-0.23899371069182396,0.8422000000000001,0.8417999999999999,0.8606499999999999,-0.015860105734038177,0.18941493534759196,23914080.2,0.12663755458515283,0.20574162679425836,0.30131004366812225,0.2314410480349345,0.4148471615720524,0.15345061741292493,False
159218,招商中证卫星产业ETF,国防军工,中证卫星产业指数,3852000000.000001,2026-09-22,1.36,-0.002201027146001344,0.044546850998463894,-0.2037470725995315,1.3462,1.3336000000000001,1.33335,0.01998725015937297,0.21540640858002916,169944572.38333333,0.8820960698689956,0.3157894736842105,0.6855895196506551,0.37117903930131,0.7860262008733624,0.5192599402436221,True
159230,华夏国证通用航空产业ETF,交通运输,国证通用航空产业指数,322000000.0,2026-09-22,0.972,0.003095975232198178,0.039572192513368964,-0.09412861136999062,0.9612,0.9657,0.9669000000000001,0.005274588892336229,0.15643975900349397,16276627.216666667,0.8471615720524017,0.49760765550239233,0.5807860262008734,0.09606986899563319,0.29694323144104806,0.5772194479847893,True
159231,华宝国证通用航空产业ETF,交通运输,国证通用航空产业指数,172000000.0,2026-09-22,0.499,0.0,0.037422037422037535,-0.10573476702508966,0.49420000000000003,0.49659999999999993,0.4971,0.003822168577751084,0.14528715099860393,8076754.95,0.8122270742358079,0.4449760765550239,0.5458515283842795,0.06550218340611354,0.11353711790393013,0.5426411901130357,True
159248,万家中证人工智能主题ETF,计算机,中证人工智能主题指数,242000000.0,2026-09-22,1.817,0.019640852974186274,0.07769869513641758,-0.17371532514779442,1.761,1.7254,1.73275,0.048622132448420174,0.29333003716983047,21382948.733333334,0.9344978165938864,0.39712918660287083,0.9475982532751092,0.7336244541484717,0.388646288209607,0.5822266563590397,True
159257,汇添富国证通用航空产业ETF,交通运输,国证通用航空产业指数,135000000.0,2026-09-22,0.863,0.0023228803716608404,0.03601440576230486,-0.10847107438016523,0.8538,0.8583000000000001,0.8593,0.004305830327010485,0.15046383639903188,7661982.216666667,0.7903930131004366,0.4354066985645933,0.5545851528384279,0.07860262008733625,0.10043668122270742,0.5320866676417124,True
159265,鹏华国证港股通消费主题ETF,食品饮料,国证港股通消费主题指数,161000000.0,2026-09-22,0.752,-0.00922266139657446,-0.0851581508515814,-0.022106631989596948,0.758,0.7656,0.78575,-0.042952593063951605,0.12713953175301038,11156311.266666668,0.06550218340611354,0.6172248803827751,0.056768558951965066,0.034934497816593885,0.18777292576419213,0.24681473433484463,False
159268,汇添富国证港股通消费主题ETF,食品饮料,国证港股通消费主题指数,328000000.0,2026-09-22,0.723,-0.008230452674897082,-0.08712121212121215,-0.026917900403768513,0.7282,0.7361000000000001,0.7562,-0.043903729172176664,0.11910267134570872,21009380.45,0.0611353711790393,0.5980861244019139,0.048034934497816595,0.021834061135371178,0.37554585152838427,0.23815110423935978,False
159272,富国国证机器人产业ETF,机械设备,国证机器人产业指数,2014000000.0,2026-09-22,0.792,0.0012642225031604948,-0.008760951188986232,-0.18097207859358833,0.7832,0.7774000000000001,0.7881,0.004948610582413471,0.21482302324840596,194889110.58333334,0.39737991266375544,0.3684210526315789,0.5633187772925764,0.36681222707423583,0.8209606986899564,0.34401287060445873,False
159273,汇添富中证沪港深云计算产业ETF,计算机,中证沪港深云计算产业人民币指数,1016000000.0,2026-09-22,1.412,0.01729106628242083,0.03065693430656924,-0.030219780219780223,1.3748,1.3614000000000002,1.3793,0.023707677807583538,0.20370128328324094,31747471.233333334,0.7248908296943232,0.5741626794258373,0.7161572052401747,0.31877729257641924,0.4847161572052402,0.5660224399824493,True
159278,鹏华国证机器人产业ETF,机械设备,国证机器人产业指数,1476000000.0,2026-09-22,0.933,0.002148227712137407,-0.008501594048884065,-0.1851528384279476,0.9228,0.9155999999999999,0.9276500000000001,0.0057672613593489075,0.21199717651889036,189036793.58333334,0.4017467248908297,0.3492822966507177,0.5938864628820961,0.34934497816593885,0.8034934497816594,0.3467029522993669,False
159283,南方中证通用航空主题ETF,交通运输,中证通用航空主题指数,266000000.0,2026-09-22,0.869,-0.0011494252873562871,0.035756853396901045,-0.09761163032191067,0.8622,0.8657,0.8656499999999999,0.0038699243343154333,0.1648923168609171,12321325.666666666,0.7816593886462883,0.47368421052631576,0.5502183406113537,0.1091703056768559,0.2314410480349345,0.5384968972649966,True
159285,华安国证港股通消费主题ETF,食品饮料,国证港股通消费主题指数,193000000.0,2026-09-22,0.719,-0.0055325034578146415,-0.08987341772151902,-0.024423337856173677,0.7243999999999999,0.7323999999999999,0.7526499999999999,-0.04470869594100835,0.11449647285540301,8344821.433333334,0.048034934497816595,0.6028708133971292,0.043668122270742356,0.008733624454148471,0.13537117903930132,0.23567727377196462,False
159299,易方达中证金融科技主题ETF,非银金融,中证金融科技主题指数,486000000.00000006,2026-09-22,0.697,0.0028776978417266452,0.005772005772005873,0.0,0.6828000000000001,0.6841,0.70265,-0.008040987689461376,0.28020059830804334,20166004.883333333,0.5109170305676856,0.6842105263157895,0.4017467248908297,0.7030567685589519,0.3624454148471616,0.42833831303148695,False
159310,天弘中证芯片产业ETF,电子,中证芯片产业指数,1869000000.0,2026-09-22,2.863,0.013451327433628313,0.04109090909090907,-0.3067796610169491,2.793,2.7126,2.7451,0.04294925503624647,0.35032690719971227,31853776.583333332,0.851528384279476,0.09090909090909091,0.9170305676855895,0.8253275109170306,0.49344978165938863,0.4307264787614133,True
159315,黄金股ETF工银,有色金属,中证沪深港黄金产业股票指数,256000000.0,2026-09-22,1.646,-0.015550239234449759,-0.0916114790286976,0.2681047765793527,1.687,1.7178,1.76415,-0.06697276308703914,0.29486066050228366,26633813.133333333,0.039301310043668124,0.9665071770334929,0.03056768558951965,0.7467248908296943,0.44541484716157204,0.2834740185119408,False
159321,华安中证沪深港黄金产业股票ETF,有色金属,中证沪深港黄金产业股票指数,469000000.00000006,2026-09-22,1.538,-0.015364916773367487,-0.09208972845336472,0.26584362139917683,1.5764,1.6056000000000001,1.64985,-0.06779404188259541,0.30758200141781616,61532379.2,0.034934497816593885,0.9569377990430622,0.021834061135371178,0.7685589519650655,0.6462882096069869,0.2746662209314473,False
159322,平安中证沪深港黄金产业ETF,有色金属,中证沪深港黄金产业股票指数,157000000.0,2026-09-22,1.615,-0.01584399756246191,-0.09014084507042253,0.25975039001560063,1.6542,1.684,1.7308,-0.06690547723596019,0.30472330342989806,17219903.3,0.043668122270742356,0.9473684210526315,0.034934497816593885,0.7641921397379913,0.31877729257641924,0.27743047575270047,False
159323,华夏中证港股通汽车产业主题ETF,汽车,中证港股通汽车产业主题指数,101000000.0,2026-09-22,0.955,-0.010362694300518172,-0.10244360902255645,-0.05632411067193677,0.9629999999999999,0.9741000000000002,1.0043,-0.049088917654087405,0.18315785355412484,149998427.86666667,0.013100436681222707,0.5167464114832536,0.039301310043668124,0.16593886462882096,0.7685589519650655,0.17671277240341823,False
159325,南方中证半导体行业精选ETF,电子,中证半导体行业精选指数,1625000000.0,2026-09-22,1.083,0.014044943820224587,-0.47731660231660233,-0.6396006655574042,1.0530000000000002,1.3204,1.7052,-0.3648838845883181,1.8549773543626225,193631996.85,0.008733624454148471,0.05263157894736842,0.004366812227074236,1.0,0.8165938864628821,-0.07764881636405424,False
159326,华夏中证电网设备主题ETF,电力设备,中证电网设备主题指数,24272000000.0,2026-09-22,1.679,-0.00650887573964487,0.004787552363854086,-0.1958812260536399,1.6640000000000001,1.653,1.6573499999999999,0.01306302229462708,0.15447689811001605,705975250.0,0.5021834061135371,0.33014354066985646,0.62882096069869,0.09170305676855896,0.9432314410480349,0.4079083178370698,True
159327,万家中证半导体材料设备主题ETF,电子,中证半导体材料设备主题指数,2385000000.0,2026-09-22,1.147,-0.012058570198105079,0.014146772767462457,-0.7564755838641188,1.1474,1.1033,1.11095,0.032449705207254986,0.4105261038089589,316318992.25,0.6419213973799127,0.028708133971291867,0.7991266375545851,0.9170305676855895,0.8995633187772926,0.3028426067152797,True
159366,港股医疗ETF,医药生物,中证港股通医疗主题指数,248000000.0,2026-09-22,1.515,-0.0045992115637319975,0.0,0.2937660119555934,1.4734,1.4405999999999999,1.44915,0.04544043059724667,0.3147862655735799,221880986.73333332,0.45633187772925765,1.0,0.9432314410480349,0.777292576419214,0.834061135371179,0.6206331877729258,False
159378,通用航空ETF永赢,交通运输,国证通用航空产业指数,596000000.0,2026-09-22,1.028,0.0019493177387914784,0.035246727089627505,-0.10296684118673638,1.0173999999999999,1.0223,1.02415,0.0037592149587464263,0.1441514918459578,30727637.116666667,0.7729257641921398,0.45454545454545453,0.537117903930131,0.0611353711790393,0.47161572052401746,0.5309249702262803,True
159392,富国国证通用航空产业ETF,交通运输,国证通用航空产业指数,181000000.0,2026-09-22,0.951,-0.0010504201680672232,0.035947712418300526,-0.09514747859181727,0.9416,0.9456,0.9463999999999999,0.004860524091293339,0.15254065903615446,6054246.2,0.7860262008733624,0.4880382775119617,0.5589519650655022,0.08733624454148471,0.043668122270742356,0.5489793359938153,True
159502,嘉实标普生物科技精选行业ETF(QDII),医药生物,标普生物科技精选行业指数,1776000000.0000002,2026-09-22,1.602,-0.0074349442379182396,-0.03725961538461531,-0.020183486238532056,1.5836000000000001,1.5843,1.6192499999999999,-0.010653080129689574,0.23856648114629772,314419740.7,0.2052401746724891,0.6220095693779905,0.37117903930131,0.49344978165938863,0.8951965065502183,0.314428240111991,False
159516,国泰中证半导体材料设备主题ETF,电子,中证半导体材料设备主题指数,44164000000.0,2026-09-22,0.714,-0.013812154696132617,0.012765957446808418,-0.6384810126582279,0.7152,0.6878,0.69245,0.031121380605097837,0.41785348330529754,5076847178.783334,0.6200873362445415,0.05741626794258373,0.7860262008733624,0.9301310043668122,0.9956331877729258,0.3013184012034851,True
159518,嘉实标普石油天然气勘探及生产精选行业ETF(QDII),石油石化,S&P Oil & Gas Exploration & Production Select Industry,1929000000.0,2026-09-22,1.259,-0.010220125786163603,0.005591054313099031,0.21290944123314048,1.2993999999999999,1.3184,1.2978,-0.029896748343350432,0.3013427788076011,547616690.35,0.5065502183406113,0.937799043062201,0.13100436681222707,0.759825327510917,0.9213973799126638,0.4557405821023379,False
159527,广发中证云计算与大数据ETF,计算机,中证云计算与大数据主题指数,309000000.0,2026-09-22,0.713,0.018571428571428683,0.03333333333333344,-0.6783942264321154,0.6948,0.6884,0.69955,0.019226645700807676,0.21809329251452367,21440163.25,0.7554585152838428,0.03349282296650718,0.6637554585152838,0.388646288209607,0.3930131004366812,0.37001943126971854,True
159530,易方达国证机器人产业ETF,机械设备,国证机器人产业指数,15999000000.0,2026-09-22,1.309,-0.0015255530129671957,-0.009833585476550777,-0.18645121193287761,1.2965999999999998,1.2868,1.3042,0.003680417113939516,0.21403621956446234,935814294.3166667,0.388646288209607,0.3444976076555024,0.5327510917030568,0.3624454148471616,0.9563318777292577,0.32690604040868343,False
159539,广发国证信创ETF,计算机,国证信息技术创新主题指数,135000000.0,2026-09-22,1.8,0.018675721561969505,0.04347826086956519,-0.2744860943168077,1.7475999999999998,1.7114999999999998,1.7392499999999997,0.03492884864165613,0.3307316110419184,6906142.133333334,0.8733624454148472,0.13875598086124402,0.8253275109170306,0.7947598253275109,0.0611353711790393,0.4398309688472869,True
159558,易方达中证半导体材料设备主题ETF,电子,中证半导体材料设备主题指数,17061000000.000002,2026-09-22,1.123,-0.011443661971830887,0.014453477868112019,-0.7582346609257266,1.1228,1.0793,1.0869,0.03321372711380999,0.4112921274532705,2068172542.7166667,0.6462882096069869,0.019138755980861243,0.8165938864628821,0.9213973799126638,0.9868995633187773,0.30407847725705683,True
159559,景顺长城国证机器人产业ETF,机械设备,国证机器人产业指数,2267000000.0,2026-09-22,1.186,-0.0008424599831509116,-0.009189640768588192,-0.17638888888888893,1.174,1.1649,1.17995,0.005127335904063557,0.21556135268480522,132525567.21666667,0.3930131004366812,0.3827751196172249,0.5676855895196506,0.37554585152838427,0.7467248908296943,0.3475084097699588,False
159560,景顺长城中证芯片产业ETF,电子,中证芯片产业指数,547000000.0,2026-09-22,1.153,0.010517090271691565,-0.4806306306306307,-0.6501820388349514,1.1274,1.0947,1.5595,-0.26066046809874965,1.7707145876957642,31787870.216666665,0.004366812227074236,0.03827751196172249,0.008733624454148471,0.9956331877729258,0.4890829694323144,-0.08289108042038403,False
159562,华夏中证沪深港黄金产业股票ETF,有色金属,中证沪深港黄金产业股票指数,3769000000.0,2026-09-22,2.184,-0.013104383190239433,-0.0926464478604071,0.26902963393375945,2.2378,2.2794,2.34205,-0.06748361478192177,0.32047031344680316,242789226.18333334,0.03056768558951965,0.9712918660287081,0.026200873362445413,0.7816593886462883,0.8558951965065502,0.27772507887424003,False
159565,易方达中证汽车零部件主题ETF,汽车,中证汽车零部件主题指数,198000000.0,2026-09-22,1.286,-0.002327385570209395,-0.007716049382716084,-0.1069444444444444,1.2706,1.2642000000000002,1.2864499999999999,-0.0003497998367599786,0.18182181049197188,26718972.516666666,0.40611353711790393,0.44019138755980863,0.48034934497816595,0.1615720524017467,0.4497816593886463,0.3761193873926579,False
159582,博时中证半导体产业ETF,电子,中证半导体产业指数,761000000.0,2026-09-22,0.765,-0.005201560468140465,0.02822580645161299,-0.853110599078341,0.7613999999999999,0.7343,0.7405,0.03308575286968263,0.37408387414507777,135944973.51666668,0.7205240174672489,0.004784688995215311,0.8122270742358079,0.8646288209606987,0.7510917030567685,0.3298405800129542,True
159583,富国中证通信设备主题ETF,通信,中证通信设备主题指数,4484000000.0,2026-09-22,1.733,-0.015900056785916994,0.08177278401997512,-0.1763307984790874,1.7271999999999998,1.685,1.658,0.04523522316043427,0.3719416665586782,611210746.4333333,0.9737991266375546,0.3875598086124402,0.9388646288209607,0.8602620087336245,0.9301310043668122,0.5782223522283279,True
159587,广发国证粮食产业ETF,农林牧渔,国证粮食产业指数,150000000.0,2026-09-22,1.235,-0.008032128514056214,0.037815126050420256,0.16399622997172503,1.2204000000000002,1.2445,1.25535,-0.016210618552594758,0.4987149551094013,50481765.06666667,0.8253275109170306,0.8851674641148325,0.2925764192139738,0.9737991266375546,0.5982532751091703,0.5598086124401914,False
159599,芯片ETF基金,电子,中证芯片产业指数,2264000000.0,2026-09-22,2.82,0.010390541024722255,0.037146009562339044,-0.30678466076696165,2.7565999999999997,2.6784,2.7128,0.039516366853435514,0.3480450332359027,252614889.03333333,0.8078602620087336,0.0861244019138756,0.8646288209606987,0.8165938864628821,0.868995633187773,0.40416100791876475,True
159609,浦银中证光伏产业ETF,电力设备,中证光伏产业指数,175000000.0,2026-09-22,0.475,-0.006276150627615107,-0.030612244897959218,-0.2213114754098361,0.4708,0.4688,0.47535,-0.0007362995687388851,0.18794684539737375,8309593.966666667,0.2183406113537118,0.23444976076555024,0.4759825327510917,0.2052401746724891,0.13100436681222707,0.2331491193247111,False
159622,创新药ETF沪港深,医药生物,中证沪港深创新药产业人民币指数,1243000000.0,2026-09-22,1.219,-0.004897959183673528,0.014987510407993287,0.20454545454545459,1.1860000000000002,1.1651,1.1777000000000002,0.03506835357051874,0.28716325864842723,159244960.58333334,0.6506550218340611,0.9282296650717703,0.8296943231441049,0.7205240174672489,0.7729257641921398,0.6464961032991371,True
159652,汇添富中证细分有色金属产业主题ETF,有色金属,细分有色,2872000000.0,2026-09-22,1.562,0.0025673940949935137,-0.0481413772090189,-0.003826530612244916,1.5606000000000002,1.5836000000000001,1.6228500000000001,-0.03749576362572027,0.27704881510920587,184823057.21666667,0.16593886462882096,0.6746411483253588,0.10043668122270742,0.6768558951965066,0.7991266375545851,0.24660475125885378,False
159690,招商中证有色金属矿业主题ETF,有色金属,中证有色金属矿业主题指数,598000000.0,2026-09-22,1.877,0.004817987152034187,-0.047691527143581935,-0.026956972524624145,1.8738,1.8986,1.9480500000000003,-0.03647236980570323,0.27589599765674017,26146669.233333334,0.1703056768558952,0.5933014354066986,0.11353711790393013,0.6724890829694323,0.4410480349344978,0.22272100457575061,False
159698,粮食ETF,农林牧渔,国证粮食产业指数,786000000.0,2026-09-22,0.96,-0.005181347150259086,0.04121475054229928,0.16082224909310772,0.9470000000000001,0.9647,0.9724,-0.012751953928424542,0.4942650240495314,116929333.4,0.8558951965065502,0.8755980861244019,0.35807860262008734,0.9650655021834061,0.7292576419213974,0.5811318192265099,False
159713,富国中证稀土产业ETF,有色金属,中证稀土产业指数,802000000.0,2026-09-22,1.224,-0.0016313213703099683,-0.02547770700636942,-0.18017414601473547,1.2154,1.2128999999999999,1.23385,-0.007983142197187543,0.19677378526595082,60257214.86666667,0.24017467248908297,0.37320574162679426,0.40611353711790393,0.27074235807860264,0.6375545851528385,0.2688316165562775,False
159715,易方达中证稀土产业ETF,有色金属,中证稀土产业指数,753000000.0,2026-09-22,1.133,-0.0017621145374449032,-0.02327586206896548,-0.17299270072992712,1.1248,1.1223,1.1406500000000002,-0.006706702318853397,0.19260800242024034,65494442.583333336,0.2794759825327511,0.4019138755980861,0.4279475982532751,0.25327510917030566,0.6550218340611353,0.2987484590794175,False
159731,华夏中证石化产业ETF,石油石化,中证石化产业指数,741000000.0,2026-09-22,0.91,-0.001097694840834218,-0.0193965517241379,-0.013015184381778733,0.9039999999999999,0.9166000000000001,0.9359,-0.027673896783844354,0.23829938604873957,58059892.983333334,0.29694323144104806,0.6411483253588517,0.17467248908296942,0.4890829694323144,0.62882096069869,0.3143582457533273,False
159735,港股消费,食品饮料,中证港股通消费主题港元指数,462000000.0,2026-09-22,0.621,-0.009569377990430672,-0.08271787296898081,-0.011146496815286677,0.6258,0.6319000000000001,0.64725,-0.04055619930475085,0.11897281661453915,28096104.933333334,0.06986899563318777,0.645933014354067,0.06986899563318777,0.017467248908296942,0.462882096069869,0.26275777773134695,False
159738,华泰柏瑞中证沪港深云计算产业ETF,计算机,中证沪港深云计算产业人民币指数,263000000.0,2026-09-22,2.045,0.01640159045725631,0.03544303797468351,-0.030346135609293556,1.9926000000000001,1.9720000000000002,1.9969999999999999,0.02403605408112175,0.20676704730378753,27386424.1,0.777292576419214,0.569377990430622,0.7292576419213974,0.3231441048034934,0.4585152838427948,0.5848718163013727,True
159739,大数据ETF,计算机,中证云计算与大数据主题指数,388000000.0,2026-09-22,0.794,0.017948717948717885,0.03116883116883118,-0.5205314009661834,0.774,0.767,0.77995,0.018013975254824066,0.23376620860324118,25489376.85,0.7292576419213974,0.06698564593301436,0.6593886462882096,0.4585152838427948,0.43231441048034935,0.3647113516224066,True
159748,富国中证沪港深创新药产业ETF,医药生物,中证沪港深创新药产业人民币指数,796000000.0,2026-09-22,0.868,-0.0022988505747126853,0.018779342723004744,0.2038834951456312,0.8426,0.8271,0.8354999999999999,0.03889886295631362,0.2919980625230753,122285588.08333333,0.6768558951965066,0.9234449760765551,0.8558951965065502,0.7292576419213974,0.74235807860262,0.6583585800547419,True
159752,申万菱信中证内地新能源主题ETF,电力设备,中证内地新能源主题指数,375000000.0,2026-09-22,0.559,-0.0017857142857142794,-0.07296849087893853,-0.24151967435549515,0.5574000000000001,0.5572,0.56915,-0.017833611525959747,0.1797233281361017,6944262.6,0.07860262008733625,0.19138755980861244,0.2445414847161572,0.14847161572052403,0.06550218340611354,0.12855769833476105,False
159766,富国中证旅游主题ETF,社会服务,中证旅游主题指数,2932000000.0,2026-09-22,0.553,-0.008960573476702538,-0.016014234875444844,0.018416206261510082,0.5484,0.5551,0.5633,-0.018285105627551923,0.18404896459418874,163680905.51666668,0.3318777292576419,0.7081339712918661,0.22707423580786026,0.17467248908296942,0.777292576419214,0.3919516934456029,False
159768,房地产ETF,房地产,中证内地地产主题指数,334000000.0,2026-09-22,0.464,0.002159827213822796,0.06912442396313367,0.20207253886010368,0.4404,0.43289999999999995,0.43415,0.06875503858113574,0.347659188363028,41790472.36666667,0.9039301310043668,0.9186602870813397,1.0,0.8122270742358079,0.5589519650655022,0.7566839389064166,True
159796,汇添富中证电池主题ETF,电力设备,中证电池主题指数,7148999999.999999,2026-09-22,0.791,0.0,-0.06611570247933873,-0.2452290076335878,0.7872000000000001,0.7864000000000001,0.8043000000000001,-0.01653611836379476,0.19345343730738798,236633351.73333332,0.11353711790393013,0.1674641148325359,0.27074235807860264,0.2663755458515284,0.8471615720524017,0.12586134848833078,False
159811,博时5G50ETF,通信,中证5G产业50指数,315000000.0,2026-09-22,3.099,-0.0035369774919613572,0.06788421778084075,-0.2110488798370671,3.0634,3.0176,2.98505,0.0381735649319106,0.32516942324550335,34222217.083333336,0.8995633187772926,0.27751196172248804,0.851528384279476,0.7860262008733624,0.5109170305676856,0.5036794049434823,True
159819,易方达中证人工智能主题ETF,计算机,中证人工智能主题指数,24518000000.0,2026-09-22,1.809,0.016292134831460636,0.07359050445103854,-0.18951612903225812,1.7576,1.7234000000000003,1.73095,0.045090846067188606,0.28577062258592095,614863737.0333333,0.9301310043668122,0.3397129186602871,0.9344978165938864,0.7161572052401747,0.9344978165938864,0.5597292158542445,True
159825,富国中证农业主题ETF,农林牧渔,中证农业主题指数,1528000000.0,2026-09-22,0.736,-0.006747638326585648,0.01098901098901095,0.115151515151515,0.7323999999999999,0.7434000000000001,0.7513,-0.02036470118461331,0.2564484794232994,98037386.8,0.5938864628820961,0.8181818181818182,0.20087336244541484,0.5720524017467249,0.7074235807860262,0.47719333068678055,False
159835,建信中证创新药产业ETF,医药生物,中证创新药产业指数,300000000.0,2026-09-22,0.672,-0.0029673590504450953,0.0,0.0769230769230771,0.6558,0.6474,0.65465,0.026502711372489163,0.24090037992674737,26131823.05,0.45633187772925765,0.7559808612440191,0.7467248908296943,0.5021834061135371,0.4366812227074236,0.523436096195232,False
159837,易方达中证生物科技主题ETF,医药生物,中证生物科技主题指数,1449000000.0,2026-09-22,0.512,-0.0019493177387914784,0.007874015748031482,0.11546840958605653,0.49879999999999997,0.49190000000000006,0.49589999999999995,0.032466223028836616,0.23542049700972312,45966834.28333333,0.5633187772925764,0.8229665071770335,0.8034934497816594,0.48034934497816595,0.5807860262008734,0.5978636050228787,True
159843,招商国证食品饮料ETF,食品饮料,国证食品饮料行业指数,335000000.0,2026-09-22,0.534,0.005649717514124353,-0.011111111111111072,0.05742574257425748,0.529,0.5313,0.53695,-0.005493993854176371,0.13727272186383147,7521954.85,0.37554585152838427,0.722488038277512,0.43231441048034935,0.048034934497816595,0.09170305676855896,0.4659712500783519,False
159851,华宝中证金融科技主题ETF,非银金融,中证金融科技主题指数,6442000000.0,2026-09-22,0.617,0.003252032520325132,0.006525285481239873,-0.009630818619582704,0.6043999999999999,0.6053,0.62185,-0.007799308514915171,0.2815502971695049,262285348.11666667,0.5240174672489083,0.6650717703349283,0.4148471615720524,0.7117903930131004,0.8733624454148472,0.4279716261674432,False
159855,影视ETF,传媒,中证影视主题指数,125000000.0,2026-09-22,0.783,0.010322580645161228,0.08149171270718236,0.07851239669421495,0.7626000000000001,0.7605,0.7626000000000001,0.0267505900865459,0.33511446362030584,18189813.316666666,0.9650655021834061,0.7751196172248804,0.7510917030567685,0.7991266375545851,0.33624454148471616,0.6793704686487956,True
159857,天弘中证光伏产业ETF,电力设备,中证光伏产业指数,1967000000.0,2026-09-22,0.699,-0.0028530670470756636,-0.025104602510460317,-0.21283783783783794,0.6918,0.6885,0.69765,0.0019350677273703987,0.18473460344573675,69528218.66666667,0.24890829694323144,0.2583732057416268,0.5152838427947598,0.18340611353711792,0.6681222707423581,0.26226468314494056,False
159858,南方中证创新药产业ETF,医药生物,中证创新药产业指数,522000000.0,2026-09-22,0.701,-0.002844950213371278,0.0014285714285713347,0.08682170542635648,0.6836,0.6741,0.6815,0.02861335289801903,0.25483289416898036,43583988.43333333,0.462882096069869,0.7799043062200957,0.7685589519650655,0.5633187772925764,0.5633187772925764,0.5323551534652431,True
159861,国泰中证环保产业50ETF,环保,中证环保产业50指数,113000000.0,2026-09-22,0.978,-0.003058103975535187,-0.045853658536585296,-0.16977928692699484,0.9778,0.9792,0.99595,-0.018022993122144726,0.14717930164600465,4116714.2333333334,0.18777292576419213,0.40669856459330145,0.23580786026200873,0.07423580786026202,0.026200873362445413,0.24780301289149828,False
159862,食品ETF,食品饮料,细分食品,175000000.0,2026-09-22,0.538,0.0018621973929235924,-0.011029411764705843,0.05490196078431375,0.5338,0.535,0.5407500000000001,-0.005085529357374052,0.13365043717842542,3032114.4,0.3799126637554585,0.7177033492822966,0.4410480349344978,0.043668122270742356,0.013100436681222707,0.46800839932303956,False
159863,光伏产业,电力设备,中证光伏产业指数,200000000.0,2026-09-22,0.549,-0.003629764065335772,-0.024866785079928788,-0.210071942446043,0.5434,0.5408000000000001,0.5479,0.0020076656324146125,0.17619962447489856,3645891.6166666667,0.26200873362445415,0.28708133971291866,0.519650655021834,0.13537117903930132,0.017467248908296942,0.2825745387685172,False
159864,国泰中证光伏产业ETF,电力设备,中证光伏产业指数,425000000.0,2026-09-22,0.537,0.0,-0.02007299270072993,-0.21376281112737927,0.5302,0.5274000000000001,0.53425,0.005147402901263476,0.18956658940465962,13690177.316666666,0.2925764192139738,0.2535885167464115,0.5764192139737991,0.23580786026200873,0.2576419213973799,0.2828607843546938,False
159870,化工ETF,基础化工,细分化工,15891000000.0,2026-09-22,0.772,-0.00898587933247752,-0.016560509554140124,-0.10440835266821347,0.7714000000000001,0.7784000000000001,0.7957,-0.029785094885006802,0.25112115701411086,439012368.18333334,0.32751091703056767,0.44976076555023925,0.13537117903930132,0.537117903930131,0.9126637554585153,0.24540753431812956,False
159880,有色50,有色金属,国证有色金属行业指数,1169000000.0,2026-09-22,0.925,0.0021668472372697867,-0.046391752577319534,-0.5105820105820105,0.9246000000000001,0.9366,0.9587,-0.03515176801919262,0.25651387864690356,36786780.03333333,0.18340611353711792,0.07177033492822966,0.1222707423580786,0.5764192139737991,0.5327510917030568,0.056123984037107444,False
159890,招商中证云计算ETF,计算机,中证云计算与大数据主题指数,423000000.00000006,2026-09-22,1.724,0.01891252955082745,0.033573141486810565,-0.030371203599550034,1.6804,1.6640000000000001,1.6904,0.019876952200662545,0.22857119353306113,32426926.633333333,0.7641921397379913,0.5645933014354066,0.6812227074235808,0.4192139737991266,0.4978165938864629,0.5593980485154928,True
159980,大成有色金属期货ETF,有色金属,上期有色金属指数,5284000000.0,2026-09-22,2.181,0.0055325034578146415,0.013947001394700287,0.06079766536964981,2.1588000000000003,2.1609,2.1641500000000002,0.007785966776794551,0.1469453259370255,362046023.56666666,0.6375545851528385,0.7416267942583732,0.6200873362445415,0.06986899563318777,0.9039301310043668,0.5997440504795136,True
159981,建信能源化工期货ETF,基础化工,易盛郑商所能源化工指数A,2556000000.0,2026-09-22,1.743,-0.0028604118993134087,0.09899117276166458,0.22919605077574068,1.7652,1.7675,1.6992999999999998,0.025716471488260062,0.3491132355523146,555381432.5166667,1.0,0.9425837320574163,0.74235807860262,0.8209606986899564,0.925764192139738,0.7462798520716241,True
159992,创新药,医药生物,中证创新药产业指数,15965000000.0,2026-09-22,0.867,-0.0023014959723820505,-0.0011520737327188613,0.07835820895522372,0.8453999999999999,0.834,0.8435499999999999,0.02779918202833276,0.25413664243041584,1148457229.9666667,0.4410480349344978,0.7703349282296651,0.759825327510917,0.5545851528384279,0.9694323144104804,0.5204905873257976,False
159994,5GETF,通信,中证5G通信主题指数,5040000000.0,2026-09-22,1.321,-0.0037707390648568095,0.07050243111831445,-0.22658079625292737,1.3054,1.2868,1.2727499999999998,0.03791003732076215,0.36630708643275817,363688278.23333335,0.9082969432314411,0.22966507177033493,0.8471615720524017,0.851528384279476,0.9082969432314411,0.4825661812331543,True
159998,天弘中证计算机主题ETF,计算机,中证计算机主题指数,1817000000.0,2026-09-22,0.962,0.013698630136986356,0.015839493136219573,-0.0967136150234742,0.9423999999999999,0.9365,0.9554499999999999,0.006855408446281963,0.21059427456740615,104017107.38333334,0.6550218340611353,0.48325358851674644,0.6157205240174672,0.34497816593886466,0.7117903930131004,0.4870426861118656,True
510200,上证券商,非银金融,上证证券行业指数,192000000.0,2026-09-22,1.167,0.002577319587628857,0.0060344827586207295,-0.043442622950819576,1.1547999999999998,1.1594,1.1778499999999998,-0.009211699282591024,0.18814904350997316,4784477.333333333,0.5152838427947598,0.5311004784688995,0.388646288209607,0.2096069868995633,0.03056768558951965,0.42300307139424587,False
510630,华夏消费ETF,食品饮料,上证主要消费行业指数,400000000.0,2026-09-22,0.801,0.003759398496240518,-0.015970515970515797,0.0708556149732622,0.7938000000000001,0.7991,0.8093,-0.010255776597059119,0.152391651013356,47826911.96666667,0.33624454148471616,0.7464114832535885,0.3799126637554585,0.08296943231441048,0.5851528384279476,0.4466151981780573,False
510660,华夏医药ETF,医药生物,上证医药卫生行业指数,125000000.0,2026-09-22,2.506,-0.0023885350318472165,-0.0011956954962136779,0.08909169926119054,2.4492,2.4191,2.4472,0.024027459954233388,0.20694753403887065,15608042.0,0.4366812227074236,0.784688995215311,0.7248908296943232,0.32751091703056767,0.2838427947598253,0.539706650508765,False
512460,华夏中证电池主题ETF,电力设备,中证电池主题指数,163000000.0,2026-09-22,0.789,0.0012690355329949554,-0.06737588652482263,-0.24352828379674007,0.785,0.7847,0.8026,-0.016944928980812346,0.18648114792447376,17311707.233333334,0.10480349344978165,0.17703349282296652,0.26200873362445415,0.1965065502183406,0.3231441048034934,0.13139403689851864,False
512580,广发中证环保ETF,环保,中证环保产业指数,785000000.0,2026-09-22,1.128,0.0008873114463174847,-0.04649196956889279,-0.16008935219657494,1.1236000000000002,1.1248999999999998,1.1422,-0.012432148485379324,0.13158741873557156,8638301.783333333,0.17903930131004367,0.41148325358851673,0.3624454148471616,0.039301310043668124,0.14410480349344978,0.2752418461795617,False
512620,天弘中证农业主题ETF,农林牧渔,中证农业主题指数,936000000.0,2026-09-22,0.895,-0.0077605321507761005,0.007882882882882969,0.11874999999999991,0.891,0.9048,0.91475,-0.021590598524186877,0.25673000111540023,14841570.783333333,0.5676855895196506,0.8421052631578947,0.19213973799126638,0.5807860262008734,0.27510917030567683,0.4737761434153068,False
512630,广发中证卫星产业ETF,国防军工,中证卫星产业指数,2086000000.0,2026-09-22,1.116,-0.0017889087656529634,0.04494382022471921,-0.20171673819742475,1.1042,1.0942,1.0943,0.019830028328611915,0.2128383264149419,177463539.31666666,0.8864628820960698,0.32057416267942584,0.6724890829694323,0.3537117903930131,0.7903930131004366,0.5215896032260086,True
512720,国泰中证计算机主题ETF,计算机,中证计算机主题指数,502000000.0,2026-09-22,1.155,0.011383537653240072,0.013157894736842257,-0.10186625194401244,1.1326,1.1252,1.14845,0.0057033392833820695,0.21742327940969297,33158218.316666666,0.6244541484716157,0.45933014354066987,0.5895196506550219,0.38427947598253276,0.5021834061135371,0.458800484737051,True
512740,广发中证汽车零部件主题ETF,汽车,中证汽车零部件主题指数,259000000.0,2026-09-22,0.997,-0.0030000000000000027,,,0.985,,,,,,,,,,,,False
512930,平安人工智能ETF,计算机,中证人工智能主题指数,3333000000.0,2026-09-22,0.641,0.015847860538827252,0.07190635451505023,-0.19167717528373274,0.623,0.611,0.61375,0.04439918533604881,0.2754198997373979,182580458.63333333,0.9126637554585153,0.3349282296650718,0.925764192139738,0.6681222707423581,0.7947598253275109,0.5549978061469673,True
512940,华安中证有色金属矿业主题ETF,有色金属,中证有色金属矿业主题指数,1806000000.0,2026-09-22,0.801,0.0025031289111390187,-0.05430932703659963,-0.032608695652173836,0.8004,0.8116,0.83295,-0.038357644516477496,0.2673155860929845,44403906.416666664,0.13973799126637554,0.5550239234449761,0.07860262008733625,0.6157205240174672,0.5676855895196506,0.19731514176469356,False
513070,易方达中证港股通消费主题ETF,食品饮料,中证港股通消费主题港元指数,1288000000.0,2026-09-22,1.019,-0.005853658536585371,-0.0877350044762758,-0.013552758954501476,1.0248,1.0364,1.0635999999999999,-0.04193305754042875,0.12172191990513258,119025082.71666667,0.05240174672489083,0.631578947368421,0.0611353711790393,0.026200873362445413,0.7336244541484717,0.24900022983222245,False
513090,易方达中证香港证券投资主题(港股通)ETF,非银金融,中证香港证券投资主题港元指数,18975000000.0,2026-09-22,1.814,0.0027639579878386833,-0.006571741511500528,0.01967397414277694,1.7978,1.8099,1.8479499999999998,-0.01837170919126585,0.23538433134192732,4282196935.6833334,0.4148471615720524,0.7129186602870813,0.22270742358078602,0.4759825327510917,0.9912663755458515,0.3916612690917448,False
513230,华夏中证港股通消费主题ETF,食品饮料,中证港股通消费主题港元指数,257000000.0,2026-09-22,0.804,-0.008631319358816336,-0.08740068104426779,-0.017114914425427785,0.8106,0.8189,0.8403499999999999,-0.0432557862795262,0.1182166210907096,23201857.233333334,0.056768558951965066,0.6267942583732058,0.05240174672489083,0.013100436681222707,0.4104803493449782,0.24841729174066568,False
513350,富国标普石油天然气勘探及生产精选行业ETF(QDII),石油石化,S&P Oil & Gas Exploration & Production Select Industry,883000000.0,2026-09-22,1.324,-0.032870708546384186,0.007610350076103556,0.20692798541476765,1.3801999999999999,1.3934000000000002,1.37665,-0.03824501507282163,0.3365828919642449,1186622970.45,0.5458515283842795,0.9330143540669856,0.08296943231441048,0.8034934497816594,0.9737991266375546,0.4538476003426589,False
513360,博时全球中国教育(QDII-ETF),社会服务,中证全球中国教育主题人民币指数,279000000.0,2026-09-22,0.472,0.006396588486140775,0.01724137931034475,0.12114014251781469,0.4688,0.4668,0.47125000000000006,0.0015915119363394403,0.16930407641849016,66776546.53333333,0.6681222707423581,0.8516746411483254,0.4978165938864629,0.1222707423580786,0.6593886462882096,0.6192651637032239,True
513400,道琼斯ETF,机械设备,道琼斯工业平均指数,2955000000.0,2026-09-22,1.327,0.008358662613981771,-0.01411589895988119,0.015302218821729108,1.3146,1.3195999999999999,1.3334,-0.004799760011999332,0.10971429851402509,251617750.28333333,0.35807860262008734,0.6985645933014354,0.44541484716157204,0.004366812227074236,0.8646288209606987,0.45847140678214,False
513620,港医疗指,医药生物,中证港股通医疗主题指数,154000000.0,2026-09-22,1.144,-0.009523809523809601,0.0035087719298245723,0.28395061728395055,1.116,1.0933,1.09915,0.040804257835600044,0.2937258320995309,39961309.583333336,0.4890829694323144,0.9856459330143541,0.8908296943231441,0.7379912663755459,0.5545851528384279,0.6205219280834082,True
515050,华夏中证5G通信主题ETF,通信,中证5G通信主题指数,24991000000.0,2026-09-22,1.079,-0.0018501387604070718,0.07256461232604372,-0.22763063707945597,1.0648,1.0493999999999999,1.03795,0.03954911122886462,0.36516857023327487,1368258960.2166667,0.9170305676855895,0.22488038277511962,0.8733624454148472,0.8471615720524017,0.9781659388646288,0.48962516453897753,True
515070,华夏中证人工智能主题ETF,计算机,中证人工智能主题指数,10254000000.0,2026-09-22,1.144,0.015084294587400127,0.07317073170731692,-0.5933167436900106,1.1118000000000001,1.09,1.0951,0.04465345630536022,0.2695315219215701,196425449.56666666,0.9235807860262009,0.06220095693779904,0.9301310043668122,0.6244541484716157,0.8296943231441049,0.4686043960636008,True
515120,广发创新药ETF,医药生物,中证创新药产业指数,10427000000.0,2026-09-22,0.65,-0.001536098310291889,0.0015408320493066618,0.07794361525704807,0.6336,0.6249,0.6319000000000001,0.028643772748852436,0.2508723109251333,818396978.5666667,0.4759825327510917,0.7655502392344498,0.7729257641921398,0.5327510917030568,0.9475982532751092,0.5358465138630618,True
515170,华夏中证细分食品饮料产业主题ETF,食品饮料,细分食品,3929000000.0,2026-09-22,0.461,0.004357298474945592,-0.006465517241379337,0.05977011494252871,0.4568,0.4579000000000001,0.4628,-0.003889369057908265,0.13850364918964053,93766566.85,0.4192139737991266,0.7320574162679426,0.4585152838427948,0.056768558951965066,0.6986899563318777,0.48897118739683665,False
515250,富国中证智能汽车主题ETF,汽车,中证智能汽车主题指数,405000000.0,2026-09-22,0.939,0.009677419354838568,0.019543973941367865,-0.13055555555555565,0.9198000000000001,0.9094000000000001,0.9207000000000001,0.01987618116650358,0.16575896097303253,20528391.566666666,0.6855895196506551,0.42105263157894735,0.6768558951965066,0.11353711790393013,0.36681222707423583,0.5113422201792691,True
515370,华夏中证光伏产业ETF,电力设备,中证光伏产业指数,950000000.0,2026-09-22,0.783,-0.003816793893129722,-0.023690773067331694,-0.2098890010090817,0.7738,0.7697,0.78005,0.00378180885840651,0.17960691205601706,17913579.05,0.27510917030567683,0.291866028708134,0.5414847161572053,0.14410480349344978,0.3318777292576419,0.29232778253692987,False
515400,富国中证大数据产业ETF,计算机,中证大数据产业指数,1271000000.0,2026-09-22,0.861,0.018934911242603603,0.02378121284185486,-0.04013377926421413,0.8388,0.8315999999999999,0.84765,0.015749424880552088,0.22893687515086078,142236722.0,0.7030567685589519,0.5406698564593302,0.6375545851528385,0.4279475982532751,0.759825327510917,0.5200204759616389,True
515710,华宝中证细分食品饮料产业主题ETF,食品饮料,细分食品,1147000000.0,2026-09-22,0.492,0.0020366598778003286,-0.010060362173038184,0.06034482758620685,0.488,0.4896,0.4946999999999999,-0.005457853244390409,0.13737673239006018,22417374.7,0.38427947598253276,0.7368421052631579,0.4366812227074236,0.05240174672489083,0.39737991266375544,0.47448862330498726,False
515720,富国中证金融科技主题ETF,非银金融,中证金融科技主题指数,288000000.0,2026-09-22,0.697,0.010144927536231974,0.010144927536231974,0.001436781609195359,0.6796,0.6808,0.69955,-0.0036452004860267895,0.27335245032104866,11920314.1,0.5851528384279476,0.69377990430622,0.462882096069869,0.6593886462882096,0.22270742358078602,0.4742640145421115,False
515790,华泰柏瑞中证光伏产业ETF,电力设备,中证光伏产业指数,7054000000.000001,2026-09-22,0.817,-0.003658536585365857,-0.02505966587112174,-0.21593090211132449,0.8086,0.8041,0.8153499999999999,0.0020236708162140182,0.19118204094559685,195842774.35,0.25327510917030566,0.24401913875598086,0.5240174672489083,0.2445414847161572,0.8253275109170306,0.25440233175236626,False
515980,华富中证人工智能产业ETF,计算机,中证人工智能产业指数,7286000000.0,2026-09-22,1.038,0.00678952473326877,0.05273833671399597,-0.20520673813169987,1.0182,1.0053999999999998,1.0125499999999998,0.025134561256234367,0.2705313850961239,296356516.43333334,0.8951965065502183,0.3062200956937799,0.7336244541484717,0.6375545851528385,0.8864628820960698,0.5034652430998098,True
516000,华夏中证大数据产业ETF,计算机,中证大数据产业指数,335000000.0,2026-09-22,0.946,0.0193965517241379,0.022702702702702693,-0.041540020263424515,0.9221999999999999,0.9142999999999999,0.93195,0.015075916089918984,0.2216494357600275,48385063.78333333,0.6899563318777293,0.5358851674641149,0.6331877729257642,0.3930131004366812,0.5895196506550219,0.5163807693111302,True
516020,华宝化工ETF,基础化工,细分化工,3425000000.0,2026-09-22,0.827,-0.007202881152461038,-0.015476190476190532,-0.10108695652173927,0.825,0.8321,0.85045,-0.027573637486036917,0.25824689402970763,122216576.48333333,0.34934497816593885,0.46411483253588515,0.17903930131004367,0.5938864628820961,0.7379912663755459,0.2611301477194375,False
516060,创新药ETF工银,医药生物,中证创新药产业指数,184000000.0,2026-09-22,0.606,-0.003289473684210509,0.0033112582781456013,0.09189189189189184,0.5908,0.5828,0.58895,0.0289498259614569,0.25848676466481985,12833831.833333334,0.4847161572052402,0.7942583732057417,0.777292576419214,0.5982532751091703,0.24017467248908297,0.5432742734167694,True
516080,易方达中证创新药产业ETF,医药生物,中证创新药产业指数,2158000000.0,2026-09-22,0.693,-0.0028776978417266452,0.0014450867052022698,0.07776049766718507,0.6761999999999999,0.6666000000000001,0.67405,0.028113641421259494,0.2555707470417341,272786735.0,0.4672489082969432,0.7607655502392344,0.7641921397379913,0.5676855895196506,0.8820960698689956,0.5258749294832954,True
516100,华夏中证金融科技主题ETF,非银金融,中证金融科技主题指数,1092000000.0,2026-09-22,1.035,0.0038797284190106307,0.00778967867575453,-0.0019286403085824189,1.013,1.0148,1.04215,-0.006860816581106377,0.28107355853799354,39769607.983333334,0.5589519650655022,0.6794258373205742,0.42358078602620086,0.7074235807860262,0.5502183406113537,0.44740602996176415,False
516120,富国中证细分化工产业主题ETF,基础化工,细分化工,5067000000.0,2026-09-22,0.846,-0.004705882352941226,-0.017421602787456414,-0.10095642933049942,0.8436,0.8516999999999999,0.87095,-0.028646879843848727,0.2517270162903331,93596225.25,0.31877729257641924,0.4688995215311005,0.15283842794759825,0.5458515283842795,0.6943231441048034,0.2516694176887236,False
516150,嘉实中证稀土产业ETF,有色金属,中证稀土产业指数,7831000000.0,2026-09-22,1.673,-0.004166666666666652,-0.026759744037231026,-0.18390243902439019,1.6636,1.6605999999999999,1.689,-0.009473060982830073,0.2032789614334481,165501561.21666667,0.2314410480349345,0.3588516746411483,0.38427947598253276,0.314410480349345,0.7816593886462883,0.252017300098201,False
516180,平安中证光伏产业ETF,电力设备,中证光伏产业指数,143000000.0,2026-09-22,0.676,-0.002949852507374673,-0.024531024531024404,-0.21212121212121204,0.6688000000000001,0.6656000000000001,0.6747,0.0019267822736031004,0.18416630275396226,7450043.366666666,0.2663755458515284,0.2679425837320574,0.5109170305676856,0.17903930131004367,0.08296943231441048,0.2712908213367877,False
516220,国泰中证细分化工产业主题ETF,基础化工,细分化工,296000000.0,2026-09-22,0.866,-0.009153318077803174,-0.015909090909090873,-0.09508881922675028,0.8646,0.8721,0.89075,-0.02778557395453274,0.24603574534129638,15289703.8,0.3406113537117904,0.49282296650717705,0.1703056768558952,0.5152838427947598,0.2794759825327511,0.27423476316834167,False
516230,招商中证光伏产业ETF,电力设备,中证光伏产业指数,701000000.0,2026-09-22,0.755,-0.00395778364116095,-0.027061855670103108,-0.21107628004179724,0.7476,0.7438,0.75385,0.0015255024209059886,0.17442154830265305,7590857.15,0.22707423580786026,0.2727272727272727,0.49344978165938863,0.13100436681222707,0.09606986899563319,0.26052004763795156,False
516270,华安中证内地新能源主题ETF,电力设备,中证内地新能源主题指数,224000000.00000003,2026-09-22,0.539,-0.0018518518518518823,-0.07547169811320742,-0.24615384615384606,0.5372,0.5377000000000001,0.54965,-0.019375966524151633,0.16957683599553044,10477971.783333333,0.07423580786026202,0.16267942583732056,0.21397379912663755,0.12663755458515283,0.17467248908296942,0.11305133616096613,False
516290,汇添富中证光伏产业ETF,电力设备,中证光伏产业指数,476000000.0,2026-09-22,0.507,-0.0019685039370078705,-0.025000000000000022,-0.21517027863777094,0.5012000000000001,0.4992,0.5058,0.0023724792408066353,0.1886779381308648,14602926.766666668,0.2576419213973799,0.24880382775119617,0.5283842794759825,0.2183406113537118,0.2663755458515284,0.2610988069618269,False
516350,易方达中证芯片产业ETF,电子,中证芯片产业指数,2980000000.0,2026-09-22,1.653,0.009157509157509125,0.03766478342749524,-0.30952380952380953,1.6166,1.5698,1.5895000000000001,0.03994966970745506,0.3583208781294226,233154330.1,0.8209606986899564,0.07655502392344497,0.8777292576419214,0.8384279475982532,0.8427947598253275,0.40583355968324947,True
516500,华夏中证生物科技主题ETF,医药生物,中证生物科技主题指数,171000000.0,2026-09-22,0.657,0.0,0.0076687116564417845,0.12116040955631413,0.64,0.6311,0.6361000000000001,0.032856469108630604,0.23054446673342444,11526429.033333333,0.5502183406113537,0.8564593301435407,0.8078602620087336,0.4410480349344978,0.20087336244541484,0.6098044336725099,True
516510,易方达中证云计算与大数据主题ETF,计算机,中证云计算与大数据主题指数,2452000000.0,2026-09-22,1.684,0.022465088038858383,0.03439803439803435,-0.03606182026330862,1.6374000000000002,1.6222,1.6485500000000002,0.021503745715931943,0.22726601528787804,192482677.21666667,0.7685589519650655,0.5454545454545454,0.7030567685589519,0.4148471615720524,0.8122270742358079,0.559031361651449,True
516520,华泰柏瑞中证智能汽车主题ETF,汽车,中证智能汽车主题指数,1047000000.0,2026-09-22,1.054,0.006685768863419428,0.01737451737451745,-0.13036303630363033,1.034,1.0232999999999999,1.03595,0.017423620831121367,0.1674302416110101,45797870.36666667,0.6724890829694323,0.4258373205741627,0.6550218340611353,0.11790393013100436,0.5764192139737991,0.5036282150393848,True
516570,易方达中证石化产业ETF,石油石化,中证石化产业指数,1186000000.0,2026-09-22,0.994,-0.004008016032064132,-0.016815034619188873,-0.010945273631840724,0.9888,1.0017,1.0227,-0.02806297056810403,0.2350801884626191,33807164.81666667,0.3231441048034934,0.6507177033492823,0.16593886462882096,0.4672489082969432,0.5065502183406113,0.3273145149495413,False
516620,国泰中证影视主题ETF,传媒,中证影视主题指数,135000000.0,2026-09-22,0.887,0.01255707762557079,0.0856793145654835,0.08968058968058967,0.8624,0.859,0.86165,0.029420298264956735,0.35895363061493646,39304877.1,0.9956331877729258,0.7894736842105263,0.7816593886462883,0.8427947598253275,0.5458515283842795,0.6968398069409332,True
516630,华夏中证云计算与大数据主题ETF,计算机,中证云计算与大数据主题指数,890000000.0,2026-09-22,1.642,0.019242706393544307,0.03270440251572326,-0.03525264394829619,1.5992000000000002,1.5848,1.6108,0.019369257511795412,0.22878961602195205,68479677.33333333,0.7467248908296943,0.5502392344497608,0.6681222707423581,0.42358078602620086,0.6637554585152838,0.5452038193936608,True
516640,富国中证芯片产业ETF,电子,中证芯片产业指数,2491000000.0,2026-09-22,1.461,0.008977900552486373,0.03690560681334287,-0.3049476688867744,1.4284,1.3876,1.40465,0.04011675506353907,0.35178097158285465,227126446.26666668,0.8034934497816594,0.09569377990430622,0.8820960698689956,0.8296943231441049,0.8384279475982532,0.40816531204947654,True
516650,华夏中证细分有色金属产业主题ETF,有色金属,细分有色,9460000000.0,2026-09-22,1.764,0.002272727272727204,-0.050080775444264924,-0.006197183098591519,1.7624,1.7886000000000002,1.834,-0.038167938931297773,0.2708054712831104,191627151.75,0.14847161572052403,0.6698564593301436,0.08733624454148471,0.6419213973799127,0.8078602620087336,0.2396899354380393,False
516700,华宝大数据ETF,计算机,中证大数据产业指数,139000000.0,2026-09-22,0.897,0.021640091116173155,0.025142857142857133,-0.047770700636942554,0.8732,0.866,0.8829499999999999,0.01591256583045486,0.23258674268536952,21103498.65,0.7074235807860262,0.5263157894736842,0.6419213973799127,0.4497816593886463,0.3799126637554585,0.5152148931280165,True
516780,华泰柏瑞中证稀土产业ETF,有色金属,中证稀土产业指数,2267000000.0,2026-09-22,0.819,-0.0036496350364964014,-0.022673031026252954,-0.1760563380281691,0.8141999999999999,0.8122,0.8257999999999999,-0.008234439331557208,0.198126914801399,82882390.85,0.2838427947598253,0.3923444976076555,0.39737991266375544,0.28820960698689957,0.6899563318777293,0.2873205741626795,False
516810,华夏中证农业主题ETF,农林牧渔,中证农业主题指数,355000000.0,2026-09-22,0.759,-0.00654450261780104,0.010652463382157196,0.12112259970457906,0.755,0.7665,0.77425,-0.019696480464966082,0.24886200563753869,82756372.95,0.5895196506550219,0.84688995215311,0.2052401746724891,0.5240174672489083,0.6855895196506551,0.4913896491924532,False
516860,博时金融科技ETF,非银金融,中证金融科技主题指数,1252000000.0,2026-09-22,1.064,0.002827521206409056,0.0066225165562914245,-0.01023255813953483,1.0421999999999998,1.0436,1.0718,-0.007277477141257704,0.2783960352153645,59405936.4,0.5283842794759825,0.6602870813397129,0.4192139737991266,0.6855895196506551,0.6331877729257642,0.43131881908025316,False
516880,光伏50,电力设备,中证光伏产业指数,877000000.0,2026-09-22,0.696,-0.0042918454935622075,-0.025210084033613467,-0.21266968325791857,0.6894,0.686,0.6952499999999999,0.0010787486515642097,0.19040878210876377,17390442.733333334,0.2445414847161572,0.2631578947368421,0.4847161572052402,0.24017467248908297,0.32751091703056767,0.2506205470006895,False
516920,汇添富中证芯片产业ETF,电子,中证芯片产业指数,951000000.0,2026-09-22,1.419,0.010683760683760868,0.03879941434846268,-0.3084795321637427,1.3866,1.3466,1.36355,0.04066590884089316,0.3558964039203289,54965114.166666664,0.8384279475982532,0.08133971291866028,0.8864628820960698,0.834061135371179,0.6157205240174672,0.4158051440630158,True
517110,国泰中证沪港深创新药产业ETF,医药生物,中证沪港深创新药产业人民币指数,661000000.0,2026-09-22,0.815,-0.001225490196078427,0.013681592039800794,0.19501466275659807,0.791,0.7771,0.78555,0.03748965692826678,0.29430146417502984,61373622.233333334,0.6331877729257642,0.9090909090909091,0.8427947598253275,0.74235807860262,0.6419213973799127,0.6341206828106392,True
517120,华泰柏瑞中证沪港深创新药产业ETF,医药生物,中证沪港深创新药产业人民币指数,344000000.0,2026-09-22,0.782,-0.0076142131979695105,0.011642949547218562,0.20122887864823347,0.7614,0.7484999999999999,0.7554000000000001,0.03521313211543542,0.3012923917786606,38016596.1,0.5982532751091703,0.9138755980861244,0.8384279475982532,0.7554585152838428,0.5414847161572053,0.6213848436096194,True
517130,嘉实中证沪港深云计算产业ETF,计算机,中证沪港深云计算产业人民币指数,469000000.00000006,2026-09-22,0.953,0.014909478168264156,0.02583423035522059,-0.027551020408163263,0.9292,0.9202,0.9319999999999998,0.022532188841201783,0.19275376164959318,8944015.8,0.7117903930131004,0.583732057416268,0.7074235807860262,0.2576419213973799,0.15283842794759825,0.5691533816677462,True
517230,云计算ETF永赢,计算机,中证沪港深云计算产业人民币指数,218000000.00000003,2026-09-22,0.975,0.015625,0.03283898305084754,,0.9494,0.9401999999999999,0.9522499999999999,0.023890784982935287,0.19931324653673974,7246810.333333333,0.7510917030567685,,0.7205240174672489,0.2925764192139738,0.06986899563318777,,True
517390,天弘中证沪港深云计算产业ETF,计算机,中证沪港深云计算产业人民币指数,266000000.0,2026-09-22,1.927,0.014744602422327446,0.031584582441113396,-0.029707955689828758,1.8783999999999998,1.8587,1.8825500000000002,0.023611590661602566,0.20064002446358203,10004334.15,0.7379912663755459,0.5789473684210527,0.7117903930131004,0.30131004366812225,0.1615720524017467,0.5731555964146172,True
517400,国泰中证沪深港黄金产业股票ETF,有色金属,中证沪深港黄金产业股票指数,964000000.0,2026-09-22,1.582,-0.016780609073958952,-0.09599999999999997,0.26560000000000006,1.624,1.6536000000000002,1.6988499999999997,-0.06878182299791014,0.3295131056470894,109186303.06666666,0.017467248908296942,0.9521531100478469,0.013100436681222707,0.7903930131004366,0.7248908296943232,0.26294791166085113,False
517520,黄金股ETF永赢,有色金属,中证沪深港黄金产业股票指数,7493000000.000001,2026-09-22,2.007,-0.014727540500736325,-0.09472259810554806,0.2670454545454546,2.0587999999999997,2.0965,2.1537,-0.06811533639782696,0.33721925031318295,842380606.8666667,0.021834061135371178,0.9617224880382775,0.017467248908296942,0.8078602620087336,0.9519650655021834,0.26695221579156303,False
518890,中银黄金,有色金属,上海金,3356000000.0,2026-09-22,8.88,-0.007599463567277587,-0.07025442362056322,0.05852902610561461,8.9306,8.9499,9.0799,-0.022015660965429062,0.21324487759471125,53758100.6,0.08296943231441048,0.7272727272727273,0.18777292576419213,0.35807860262008734,0.611353711790393,0.2853314807463279,False
520510,华夏中证港股通医疗主题ETF,医药生物,中证港股通医疗主题指数,174000000.0,2026-09-22,0.988,-0.009027081243731194,-0.002020202020202033,0.28478543563068914,0.9632,0.9423,0.94885,0.04126047320440529,0.3109783822878767,264493589.46666667,0.43231441048034935,0.9904306220095693,0.8951965065502183,0.7729257641921398,0.8777292576419214,0.5997074862623012,False
520600,广发中证港股通汽车ETF,汽车,中证港股通汽车产业主题指数,324000000.0,2026-09-22,0.936,-0.007423117709437821,-0.09302325581395343,-0.053589484327603576,0.9408,0.9485999999999999,0.9761999999999998,-0.04118008604794077,0.18851092867799651,148710120.83333334,0.026200873362445413,0.5215311004784688,0.06550218340611354,0.21397379912663755,0.7641921397379913,0.1834092476128789,False
520850,易方达中证港股通医疗主题ETF,医药生物,中证港股通医疗主题指数,131000000.0,2026-09-22,0.938,-0.005302226935312793,0.006437768240343145,0.2761904761904761,0.9132,0.8947999999999998,0.9000999999999999,0.04210643261859803,0.2786716732411434,35035588.666666664,0.519650655021834,0.9760765550239234,0.9039301310043668,0.6899563318777293,0.5152838427947598,0.6352949165291155,True
560290,景顺长城中证有色金属矿业主题ETF,有色金属,中证有色金属矿业主题指数,207000000.0,2026-09-22,0.787,0.002547770700636942,-0.04951690821256027,-0.027194066749072987,0.7872,0.7977000000000001,0.8181,-0.03801491260237133,0.2651552445931416,10162498.316666666,0.15283842794759825,0.5885167464114832,0.09606986899563319,0.6069868995633187,0.16593886462882096,0.2179895948684733,False
560310,博时中证光伏产业ETF,电力设备,中证光伏产业指数,172000000.0,2026-09-22,0.739,-0.0026990553306343035,-0.026350461133069825,-0.21798941798941796,0.7318,0.7278,0.7377499999999999,0.001694340901389424,0.18611050238710544,1823681.8166666667,0.23580786026200873,0.23923444976076555,0.5021834061135371,0.19213973799126638,0.008733624454148471,0.24748751593155177,False
560470,易方达中证细分有色金属产业主题ETF,有色金属,细分有色,243000000.00000003,2026-09-22,0.863,0.0023228803716608404,-0.048511576626240394,0.0011600928074246841,0.8620000000000001,0.8749,0.8966,-0.03747490519741237,0.2654045755760773,11686769.35,0.1615720524017467,0.6889952153110048,0.10480349344978165,0.611353711790393,0.2096069868995633,0.25752387121038,False
560780,广发中证半导体材料设备ETF,电子,中证半导体材料设备主题指数,11610000000.0,2026-09-22,1.054,-0.01310861423220977,0.012487992315081797,-0.27956254272043746,1.0548000000000002,1.0141,1.0211,0.03222015473508977,0.4279885304241286,1001009961.35,0.611353711790393,0.1339712918660287,0.7947598253275109,0.9344978165938864,0.9606986899563319,0.3263659346858611,True
560800,鹏扬中证数字经济主题ETF,计算机,中证数字经济主题指数,455000000.0,2026-09-22,1.16,0.008695652173912993,0.032028469750889466,-0.2383453709783322,1.138,1.1164999999999998,1.13125,0.025414364640883758,0.2796116152265332,11050837.5,0.74235807860262,0.21052631578947367,0.7379912663755459,0.6986899563318777,0.18340611353711792,0.4112387956791543,True
560900,摩根中证创新药产业ETF,医药生物,中证创新药产业指数,181000000.0,2026-09-22,0.932,-0.0021413276231263545,-0.001071811361200381,0.07497116493656297,0.9092,0.8972000000000001,0.9074500000000001,0.027053832167061476,0.25263146618713234,23120254.4,0.44541484716157204,0.7511961722488039,0.7554585152838428,0.5502183406113537,0.40611353711790393,0.5148837257892648,False
560910,华泰柏瑞中证电池主题ETF,电力设备,中证电池主题指数,319000000.0,2026-09-22,0.704,0.0,-0.06878306878306883,-0.24301075268817207,0.7011999999999999,0.7013999999999999,0.7170500000000001,-0.018199567673105266,0.18056973813790583,10525361.583333334,0.08733624454148471,0.18181818181818182,0.2314410480349345,0.15283842794759825,0.17903930131004367,0.12520841603811034,False
561160,富国中证电池主题ETF,电力设备,中证电池主题指数,2339000000.0,2026-09-22,0.682,0.001468428781204123,-0.06830601092896171,-0.2413793103448275,0.6784000000000001,0.6777000000000001,0.6934,-0.016440726853187093,0.189045456226919,56330060.666666664,0.09170305676855896,0.19617224880382775,0.27510917030567683,0.22270742358078602,0.6200873362445415,0.13350744865339212,False
561330,国泰中证有色金属矿业主题ETF,有色金属,中证有色金属矿业主题指数,1662000000.0,2026-09-22,0.916,0.002188183807439792,-0.050777202072538774,-0.031712473572938604,0.916,0.9287000000000001,0.9531499999999999,-0.03897602685831181,0.27213664669446946,61815497.18333333,0.14410480349344978,0.5598086124401914,0.07423580786026202,0.6506550218340611,0.6506550218340611,0.1961513549654207,False
561360,国泰中证油气产业ETF,石油石化,中证油气产业指数,1768000000.0,2026-09-22,1.482,-0.017241379310344862,0.006793478260869623,0.11094452773613184,1.4768000000000001,1.4859,1.4882,-0.004166106706087858,0.24422351944587634,81672436.68333334,0.5327510917030568,0.8133971291866029,0.45414847161572053,0.5109170305676856,0.6812227074235808,0.5108898685777564,False
561400,鑫元中证畜牧养殖产业ETF,农林牧渔,中证畜牧养殖产业指数,217000000.0,2026-09-22,1.021,-0.0009784735812133905,0.015920398009950265,,1.0116,1.0253999999999999,1.03175,-0.01041919069542041,0.22901241643322134,8414672.0,0.6637554585152838,,0.37554585152838427,0.43231441048034935,0.13973799126637554,,False
561410,光伏ETF工银,电力设备,中证光伏产业指数,255000000.0,2026-09-22,0.943,-0.0052742616033755185,-0.032820512820512904,,0.9349999999999999,0.9309000000000001,0.9438000000000001,-0.0008476372112736774,0.1766486270070723,7374138.363636363,0.21397379912663755,,0.47161572052401746,0.13973799126637554,0.07860262008733625,,False
561460,天弘中证人工智能主题ETF,计算机,中证人工智能主题指数,391000000.0,2026-09-22,0.836,0.015795868772782606,0.07317073170731692,,0.8126000000000001,0.7969,0.8006,0.04421683737197091,0.27235898334453407,26868310.20689655,0.9235807860262009,,0.9213973799126638,0.6550218340611353,0.45414847161572053,,True
561470,天弘中证畜牧养殖产业ETF,农林牧渔,中证畜牧养殖产业指数,236000000.0,2026-09-22,1.036,-0.009560229445506718,0.01171875,,1.0324,1.0459,1.0524,-0.015583428354237872,0.23090817398499916,7500709.166666667,0.6026200873362445,,0.31004366812227074,0.44541484716157204,0.08733624454148471,,False
561570,华泰柏瑞中证油气产业ETF,石油石化,中证油气产业指数,105000000.0,2026-09-22,1.397,-0.015503875968992276,0.004313443565780117,0.10697305863708406,1.3922,1.4011,1.4034499999999999,-0.004595817449855599,0.22592905160764729,20785927.883333333,0.49344978165938863,0.7990430622009569,0.4497816593886463,0.40611353711790393,0.37117903930131,0.5017174735170598,False
561620,华泰柏瑞中证细分化工产业主题ETF,基础化工,细分化工,207000000.0,2026-09-22,0.987,-0.008040201005025116,-0.0188866799204771,,0.986,0.9949999999999999,1.0168,-0.02930763178599527,0.24182150356545526,13424014.4,0.30131004366812225,,0.14410480349344978,0.5065502183406113,0.24890829694323144,,False
561830,国泰海通中证有色金属矿业主题ETF,有色金属,中证有色金属矿业主题指数,246000000.0,2026-09-22,0.926,0.0021645021645022577,,,0.9276,0.9398,,,,,,,,,,,False
561910,招商中证电池主题ETF,电力设备,中证电池主题指数,4239000000.0,2026-09-22,0.676,-0.001477104874446078,-0.06758620689655159,-0.24300111982082861,0.6736000000000001,0.6731,0.6881,-0.017584653393402094,0.19143441891790655,104270403.95,0.10043668122270742,0.18660287081339713,0.24890829694323144,0.24890829694323144,0.7161572052401747,0.12535467290695973,False
561980,招商中证半导体产业ETF,电子,中证半导体产业指数,7483000000.0,2026-09-22,0.693,-0.004310344827586188,0.026666666666666616,-0.2596153846153847,0.6888,0.6645,0.67015,0.03409684399015145,0.37409564689662705,519757418.45,0.7161572052401747,0.14832535885167464,0.8209606986899564,0.868995633187773,0.9170305676855895,0.37986147385136126,True
562510,华夏中证旅游主题ETF,社会服务,中证旅游主题指数,587000000.0,2026-09-22,0.563,-0.008802816901408494,-0.01573426573426573,0.018083182640144413,0.5584,0.5649,0.5729,-0.017280502705533274,0.1870518829890509,44880983.43333333,0.34497816593886466,0.7033492822966507,0.2576419213973799,0.20087336244541484,0.5720524017467249,0.39835565491736485,False
562590,华夏中证半导体材料设备主题ETF,电子,中证半导体材料设备主题指数,8319000000.0,2026-09-22,1.01,-0.013671875,0.012024048096192397,-0.7590073968026724,1.0112,0.9718,0.9787500000000001,0.03192848020434225,0.41459415305413466,705871582.9,0.6069868995633187,0.014354066985645933,0.7903930131004366,0.925764192139738,0.9388646288209607,0.2829715216982512,True
562700,华夏中证汽车零部件主题ETF,汽车,中证汽车零部件主题指数,131000000.0,2026-09-22,1.186,-0.004198152812762479,-0.011666666666666714,-0.10960960960960975,1.1722,1.1673,1.1878499999999999,-0.0015574357031611363,0.18338373081989195,18519547.5,0.36681222707423583,0.430622009569378,0.4672489082969432,0.1703056768558952,0.3406113537117904,0.35552119679906397,False
562880,嘉实中证电池主题ETF,电力设备,中证电池主题指数,1014000000.0,2026-09-22,0.701,0.0028612303290413976,-0.06533333333333335,-0.23638344226579533,0.6971999999999999,0.6963999999999999,0.7119500000000001,-0.015380293559941194,0.18940545436640033,25100816.083333332,0.1222707423580786,0.22009569377990432,0.31877729257641924,0.22707423580786026,0.4279475982532751,0.16087628758279182,False
562900,易方达中证现代农业主题ETF,农林牧渔,中证现代农业主题指数,137000000.0,2026-09-22,0.705,-0.004237288135593209,0.015850144092218965,0.15008156606851553,0.6998,0.7106999999999999,0.7158,-0.015088013411567514,0.268260232867491,14740439.45,0.6593886462882096,0.8660287081339713,0.3231441048034934,0.6200873362445415,0.27074235807860264,0.5365161613840078,False
562910,易方达中证装备产业ETF,机械设备,中证装备产业指数,209000000.0,2026-09-22,0.793,-0.002515723270440251,-0.04457831325301198,-0.14547413793103448,0.7908000000000001,0.7964,0.8082499999999999,-0.01886792452830177,0.12323954228102958,14368726.066666666,0.19213973799126638,0.41626794258373206,0.2183406113537118,0.03056768558951965,0.26200873362445415,0.2535540419130398,False
562970,易方达中证光伏产业ETF,电力设备,中证光伏产业指数,451000000.0,2026-09-22,0.957,-0.0031250000000000444,-0.021472392638036797,-0.2090909090909091,0.9478,0.9428000000000001,0.9552999999999999,0.0017795456924527553,0.19297905965131998,16407602.366666667,0.28820960698689957,0.2966507177033493,0.5065502183406113,0.26200873362445415,0.30131004366812225,0.2798102839472639,False
563010,易方达中证电信主题ETF,通信,中证电信主题指数,236000000.0,2026-09-22,2.201,-0.004072398190045234,0.03139643861293351,-0.06380263717566992,2.1889999999999996,2.1675,2.16505,0.016604697351100484,0.15936837184980848,12391266.583333334,0.7336244541484717,0.5119617224880383,0.6506550218340611,0.10043668122270742,0.23580786026200873,0.5560424980673199,True
563230,富国中证卫星产业ETF,国防军工,中证卫星产业指数,4251000000.0,2026-09-22,1.11,0.0009017132551849549,0.04421448730009425,-0.20600858369098696,1.097,1.0873,1.0876,0.020595807282089096,0.2104469170250911,304098533.8,0.8777292576419214,0.3014354066985646,0.6943231441048034,0.3406113537117904,0.8908296943231441,0.5175111259689518,True
563320,华泰柏瑞中证通用航空主题ETF,交通运输,中证通用航空主题指数,195000000.0,2026-09-22,0.852,0.001175088131609936,0.039024390243902474,-0.09745762711864403,0.844,0.8466000000000001,0.8476500000000001,0.0051318350734381735,0.16407529947339355,15665141.7,0.8427947598253275,0.4784688995215311,0.5720524017467249,0.10480349344978165,0.28820960698689957,0.5663724117757672,True
563530,易方达中证卫星产业ETF,国防军工,中证卫星产业指数,1972000000.0,2026-09-22,1.117,0.0008960573476701761,0.04588014981273392,-0.2010014306151645,1.104,1.0938,1.09355,0.0214439211741575,0.20932934854052704,136261458.75,0.8908296943231441,0.3253588516746411,0.6986899563318777,0.33624454148471616,0.7554585152838428,0.5317795282171287,True
563670,鹏华中证金融科技主题ETF,非银金融,中证金融科技主题指数,128000000.0,2026-09-22,0.666,0.003012048192771122,0.0015037593984963404,-0.013333333333333308,0.6536000000000001,0.6556,0.6740999999999999,-0.012016021361815565,0.2786914700887312,1787908.0833333333,0.47161572052401746,0.6363636363636364,0.36681222707423583,0.6943231441048034,0.004366812227074236,0.3917229059150456,False
563790,鹏华中证卫星产业ETF,国防军工,中证卫星产业指数,1137000000.0,2026-09-22,0.838,-0.0011918951132300348,0.04228855721393021,-0.20417853751187087,0.8288,0.8211,0.82135,0.020271504230839454,0.2012446442000193,75823628.65,0.868995633187773,0.31100478468899523,0.6899563318777293,0.3056768558951965,0.6768558951965066,0.5204237270428951,True
588170,华夏上证科创板半导体材料设备主题ETF,电子,上证科创板半导体材料设备主题指数,24233000000.0,2026-09-22,0.995,-0.01679841897233203,0.01946721311475419,-0.7591965150048403,0.9964000000000002,0.9513,0.9573499999999999,0.039327309761320484,0.4464643717106468,6841845108.1,0.6812227074235808,0.009569377990430622,0.8602620087336245,0.9432314410480349,1.0,0.3195064875368254,True
588710,华泰柏瑞上证科创板半导体材料设备主题ETF,电子,上证科创板半导体材料设备主题指数,5655000000.0,2026-09-22,1.031,-0.014340344168260133,0.022817460317460236,-0.757810664787409,1.0306,0.9836,0.9897,0.04172981711629786,0.4474143521145501,1666226153.95,0.6986899563318777,0.023923444976076555,0.8995633187772926,0.9475982532751092,0.982532751091703,0.33806752888573155,True
588780,国联安科创芯片设计ETF,电子,上证科创板芯片设计主题指数,1140000000.0,2026-09-22,1.015,0.02421796165489387,0.08324439701173936,-0.2897130860741778,0.9788,0.9494999999999999,0.9601000000000001,0.05718154358920935,0.4080508277525505,250319438.58333334,0.9868995633187773,0.10526315789473684,0.982532751091703,0.9126637554585153,0.8602620087336245,0.487497127097219,True
588830,鹏华科创板新能源ETF,电力设备,上证科创板新能源主题指数,958000000.0,2026-09-22,1.184,-0.001686340640809414,-0.038180341186027755,-0.2636815920398011,1.1754,1.1559000000000001,1.17605,0.006759916670209476,0.23481048191610918,94822714.15,0.20087336244541484,0.14354066985645933,0.611353711790393,0.462882096069869,0.7030567685589519,0.19652744405674766,False
588960,富国上证科创板新能源ETF,电力设备,上证科创板新能源主题指数,204000000.0,2026-09-22,1.095,0.0,-0.03609154929577463,-0.257123473541384,1.0859999999999999,1.0675999999999999,1.0858,0.008473015288266605,0.23724046250421674,12055573.2,0.2096069868995633,0.15789473684210525,0.6244541484716157,0.4847161572052402,0.22707423580786026,0.2050448172833831,False
589020,鹏华科创板半导体材料设备主题ETF,电子,上证科创板半导体材料设备主题指数,2653000000.0,2026-09-22,1.215,-0.0137987012987012,0.02272727272727293,-0.6396797153024911,1.2138,1.1588,1.16585,0.04215808208603167,0.443510029304129,1112695628.2,0.6943231441048034,0.04784688995215311,0.9082969432314411,0.9388646288209607,0.9650655021834061,0.34753243768412695,True
589030,易方达上证科创板芯片设计主题ETF,电子,上证科创板芯片设计主题指数,478000000.0,2026-09-22,1.178,0.024347826086956514,0.08073394495412822,-0.284325637910085,1.135,1.1014000000000002,1.1141,0.057355713131675756,0.3910394540196432,107205325.05,0.9563318777292577,0.11961722488038277,0.9868995633187773,0.8864628820960698,0.7205240174672489,0.4853158103675226,True
589070,天弘上证科创板芯片设计主题ETF,电子,上证科创板芯片设计主题指数,1865000000.0,2026-09-22,1.104,0.025069637883008422,0.08447937131630656,-0.2845106934543097,1.063,1.0311,1.04285,0.058637387927314544,0.39144368413476727,241754469.88333333,0.9912663755458515,0.11483253588516747,0.9956331877729258,0.8908296943231441,0.851528384279476,0.4971782871231273,True
589170,鹏华科创板芯片设计主题ETF,电子,上证科创板芯片设计主题指数,196000000.0,2026-09-22,1.111,0.023020257826887658,0.08179162609542368,-0.2836879432624113,1.0714000000000001,1.0401,1.0515500000000002,0.05653559031905253,0.38650029773720573,10247721.183333334,0.9781659388646288,0.12440191387559808,0.9781659388646288,0.8820960698689956,0.1703056768558952,0.4933223292451056,True
589210,广发上证科创板芯片设计主题ETF,电子,上证科创板芯片设计主题指数,739000000.0,2026-09-22,0.695,0.01906158357771237,0.07919254658385078,-0.6443193449334699,0.6722,0.6521,0.6595,0.053828658074298597,0.3919032174409194,51604859.7,0.9432314410480349,0.0430622009569378,0.9519650655021834,0.8995633187772926,0.6069868995633187,0.4456394559244478,True
589250,浦银科创板芯片设计ETF,电子,上证科创板芯片设计主题指数,120000000.0,2026-09-22,1.28,0.025641025641025772,0.08291032148900168,-0.28291316526610644,1.2340000000000002,1.1998000000000002,1.2125,0.05567010309278353,0.3793847989841115,11594071.6,0.982532751091703,0.1291866028708134,0.9650655021834061,0.8733624454148472,0.2052401746724891,0.4947786297820773,True
589290,汇添富上证科创板芯片设计主题ETF,电子,上证科创板芯片设计主题指数,236000000.0,2026-09-22,0.813,0.022641509433962037,0.0811170212765957,-0.2849604221635884,0.7842,0.7609999999999999,0.7695000000000001,0.0565302144249511,0.39184311410507533,11243034.183333334,0.9606986899563319,0.11004784688995216,0.9737991266375546,0.8951965065502183,0.19213973799126638,0.48000146256868853,True
589350,科芯片指,电子,上证科创板芯片设计主题指数,206000000.0,2026-09-22,0.788,0.02204928664072625,0.07945205479452055,-0.2900900900900901,0.7605999999999999,0.7386,0.7475499999999999,0.05411009297036995,0.3680425456500052,19737048.066666666,0.9475982532751092,0.10047846889952153,0.9606986899563319,0.8558951965065502,0.3537117903930131,0.47337707110173205,True
589390,招商上证科创板芯片设计主题ETF,电子,上证科创板芯片设计主题指数,205000000.0,2026-09-22,0.782,0.02490170380078638,0.0816044260027664,,0.7532,0.7308999999999999,0.7388999999999999,0.05832994992556517,0.3821553095017935,36340676.69811321,0.9694323144104804,,0.9912663755458515,0.8777292576419214,0.5283842794759825,,True
589400,富国上证科创板芯片设计主题ETF,电子,上证科创板芯片设计主题指数,357000000.0,2026-09-22,0.781,0.022251308900523625,0.0787292817679559,,0.7537999999999999,0.7323,0.74095,0.05405223024495576,0.39967842848197793,16187571.944444444,0.9388646288209607,,0.9563318777292577,0.9082969432314411,0.2925764192139738,,True
589420,科创芯片设计ETF永赢,电子,上证科创板芯片设计主题指数,230000000.0,2026-09-22,0.785,0.02080624187256186,0.079779917469051,,0.7574,0.7347,0.7431,0.05638541246131079,0.39584064403140123,16810751.48148148,0.9519650655021834,,0.9694323144104804,0.9039301310043668,0.3056768558951965,,True
589430,华宝上证科创板芯片设计主题ETF,电子,上证科创板芯片设计主题指数,256000000.0,2026-09-22,1.032,0.0217821782178218,,,0.9962,0.9681,,,,,,,,,,,False
589960,易方达上证科创板新能源ETF,电力设备,上证科创板新能源主题指数,148000000.0,2026-09-22,0.837,-0.0011933174224343368,-0.03903559127439726,-0.2592920353982301,0.8310000000000001,0.8177,0.8318999999999999,0.006130544536603111,0.22941302865362068,31390066.016666666,0.1965065502183406,0.15311004784688995,0.6026200873362445,0.4366812227074236,0.48034934497816595,0.19922170451933724,False
