date,stock_code,industry,change_pct,amount_cny,sealed_amount_cny,last_sealed_time,source,retrieved_at
2026-09-04,002909,基础化工,-9.987516403198242,1135015040.0,1333049.0,145418,akshare:stock_zt_pool_dtgc_em,2026-09-24T15:30:22.200404+00:00
2026-09-04,003032,社会服务,-10.0,952070688.0,1634894.0,145351,akshare:stock_zt_pool_dtgc_em,2026-09-24T15:30:22.200404+00:00
2026-09-04,605068,汽车,-10.0,232201357.0,7379235.0,130636,akshare:stock_zt_pool_dtgc_em,2026-09-24T15:30:22.200404+00:00
2026-09-04,603256,建筑材料,-10.0,3344578112.0,19380882.0,150000,akshare:stock_zt_pool_dtgc_em,2026-09-24T15:30:22.200404+00:00
2026-09-04,003005,计算机,-9.985387802124023,895051152.0,20388817.0,143036,akshare:stock_zt_pool_dtgc_em,2026-09-24T15:30:22.200404+00:00
2026-09-04,600892,传媒,-9.908256530761719,831202368.0,30500478.0,141329,akshare:stock_zt_pool_dtgc_em,2026-09-24T15:30:22.200404+00:00
2026-09-04,000977,计算机,-9.994209289550781,13708426752.0,55389101.0,140651,akshare:stock_zt_pool_dtgc_em,2026-09-24T15:30:22.200404+00:00
2026-09-04,000017,纺织服饰,-10.018903732299805,1016791280.0,61664790.0,132330,akshare:stock_zt_pool_dtgc_em,2026-09-24T15:30:22.200404+00:00
2026-09-04,600121,煤炭,-10.017574310302734,668913072.0,152258862.0,100145,akshare:stock_zt_pool_dtgc_em,2026-09-24T15:30:22.200404+00:00
2026-09-07,600076,轻工制造,-10.094637870788574,16829250.0,152896238.0,092504,akshare:stock_zt_pool_dtgc_em,2026-09-24T15:30:22.328275+00:00
2026-09-07,002674,纺织服饰,-10.017196655273438,32052202.0,336051033.0,092500,akshare:stock_zt_pool_dtgc_em,2026-09-24T15:30:22.328275+00:00
2026-09-09,001366,农林牧渔,-10.01220989227295,397581744.0,2245697.0,145000,akshare:stock_zt_pool_dtgc_em,2026-09-24T15:30:22.626462+00:00
2026-09-09,601999,传媒,-9.975062370300293,350738960.0,20742005.0,133010,akshare:stock_zt_pool_dtgc_em,2026-09-24T15:30:22.626462+00:00
2026-09-09,603123,商贸零售,-10.016286849975586,973388112.0,31788396.0,135607,akshare:stock_zt_pool_dtgc_em,2026-09-24T15:30:22.626462+00:00
2026-09-09,002084,轻工制造,-10.0,822975664.0,52333380.0,132139,akshare:stock_zt_pool_dtgc_em,2026-09-24T15:30:22.626462+00:00
2026-09-09,003005,计算机,-9.9893159866333,419930560.0,52603071.0,100406,akshare:stock_zt_pool_dtgc_em,2026-09-24T15:30:22.626462+00:00
2026-09-09,002855,电子,-10.0,203963493.0,96430140.0,093721,akshare:stock_zt_pool_dtgc_em,2026-09-24T15:30:22.626462+00:00
2026-09-09,605168,传媒,-9.990933418273926,377822400.0,129155635.0,093920,akshare:stock_zt_pool_dtgc_em,2026-09-24T15:30:22.626462+00:00
2026-09-10,002365,医药生物,-9.980682373046875,687992384.0,1013550.0,150000,akshare:stock_zt_pool_dtgc_em,2026-09-24T15:30:22.759947+00:00
2026-09-10,600479,医药生物,-9.985836029052734,1125638800.0,1173044.0,144406,akshare:stock_zt_pool_dtgc_em,2026-09-24T15:30:22.759947+00:00
2026-09-10,603090,机械设备,-10.00487995147705,332229520.0,7173160.0,143341,akshare:stock_zt_pool_dtgc_em,2026-09-24T15:30:22.759947+00:00
2026-09-10,000020,电子,-10.0,209328147.0,23204221.0,095203,akshare:stock_zt_pool_dtgc_em,2026-09-24T15:30:22.759947+00:00
2026-09-10,603042,通信,-10.016068458557129,988691056.0,24294580.0,150000,akshare:stock_zt_pool_dtgc_em,2026-09-24T15:30:22.759947+00:00
2026-09-10,000912,基础化工,-10.0,928044448.0,32719747.0,140724,akshare:stock_zt_pool_dtgc_em,2026-09-24T15:30:22.759947+00:00
2026-09-10,601118,农林牧渔,-9.938650131225586,1564119936.0,44631082.0,140949,akshare:stock_zt_pool_dtgc_em,2026-09-24T15:30:22.759947+00:00
2026-09-10,002855,电子,-9.969969749450684,338206000.0,56480821.0,103551,akshare:stock_zt_pool_dtgc_em,2026-09-24T15:30:22.759947+00:00
2026-09-10,003040,通信,-10.0,1352889904.0,86606679.0,132151,akshare:stock_zt_pool_dtgc_em,2026-09-24T15:30:22.759947+00:00
2026-09-10,600737,农林牧渔,-10.0,3681396240.0,127761452.0,140501,akshare:stock_zt_pool_dtgc_em,2026-09-24T15:30:22.759947+00:00
2026-09-10,000017,纺织服饰,-10.043196678161621,415450416.0,130969666.0,101127,akshare:stock_zt_pool_dtgc_em,2026-09-24T15:30:22.759947+00:00
2026-09-11,000737,有色金属,-10.01220989227295,2139939792.0,3997488.0,145609,akshare:stock_zt_pool_dtgc_em,2026-09-24T15:30:22.886000+00:00
2026-09-11,002162,轻工制造,-10.0217866897583,376718320.0,10271723.0,142748,akshare:stock_zt_pool_dtgc_em,2026-09-24T15:30:22.886000+00:00
2026-09-11,002403,家用电器,-10.0,491001904.0,10577385.0,144200,akshare:stock_zt_pool_dtgc_em,2026-09-24T15:30:22.886000+00:00
2026-09-11,603123,商贸零售,-10.026155471801758,714298880.0,14985001.0,150000,akshare:stock_zt_pool_dtgc_em,2026-09-24T15:30:22.886000+00:00
2026-09-11,000017,纺织服饰,-9.963985443115234,559686688.0,18847845.0,140106,akshare:stock_zt_pool_dtgc_em,2026-09-24T15:30:22.886000+00:00
2026-09-11,000428,社会服务,-10.077519416809082,436431744.0,20140518.0,142851,akshare:stock_zt_pool_dtgc_em,2026-09-24T15:30:22.886000+00:00
2026-09-11,002059,社会服务,-9.984151840209961,839329120.0,24484094.0,143030,akshare:stock_zt_pool_dtgc_em,2026-09-24T15:30:22.886000+00:00
2026-09-11,600479,医药生物,-9.992132186889648,791033392.0,27538596.0,142934,akshare:stock_zt_pool_dtgc_em,2026-09-24T15:30:22.886000+00:00
2026-09-11,600318,非银金融,-10.012360572814941,815580016.0,29405150.0,144146,akshare:stock_zt_pool_dtgc_em,2026-09-24T15:30:22.886000+00:00
2026-09-11,002040,交通运输,-10.038986206054688,465556352.0,31273529.0,103109,akshare:stock_zt_pool_dtgc_em,2026-09-24T15:30:22.886000+00:00
2026-09-11,002702,食品饮料,-9.966776847839355,410023424.0,34363884.0,110254,akshare:stock_zt_pool_dtgc_em,2026-09-24T15:30:22.886000+00:00
2026-09-11,601949,传媒,-9.928057670593262,819941888.0,38302705.0,140043,akshare:stock_zt_pool_dtgc_em,2026-09-24T15:30:22.886000+00:00
2026-09-11,603366,家用电器,-10.024154663085938,485572656.0,46273611.0,102314,akshare:stock_zt_pool_dtgc_em,2026-09-24T15:30:22.886000+00:00
2026-09-11,002855,电子,-10.006670951843262,267306087.0,49283017.0,104827,akshare:stock_zt_pool_dtgc_em,2026-09-24T15:30:22.886000+00:00
2026-09-11,600865,商贸零售,-9.96587085723877,913657584.0,57984559.0,133124,akshare:stock_zt_pool_dtgc_em,2026-09-24T15:30:22.886000+00:00
2026-09-11,002661,食品饮料,-10.0,102941440.0,68483543.0,093139,akshare:stock_zt_pool_dtgc_em,2026-09-24T15:30:22.886000+00:00
2026-09-11,600540,农林牧渔,-10.060976028442383,749963472.0,83331010.0,131454,akshare:stock_zt_pool_dtgc_em,2026-09-24T15:30:22.886000+00:00
2026-09-11,000523,综合,-10.089685440063477,1482227184.0,90965165.0,131454,akshare:stock_zt_pool_dtgc_em,2026-09-24T15:30:22.886000+00:00
2026-09-11,002909,基础化工,-9.975961685180664,273509728.0,113293253.0,094427,akshare:stock_zt_pool_dtgc_em,2026-09-24T15:30:22.886000+00:00
2026-09-11,600108,农林牧渔,-9.90476131439209,2086626208.0,115720741.0,132158,akshare:stock_zt_pool_dtgc_em,2026-09-24T15:30:22.886000+00:00
2026-09-11,002295,有色金属,-9.983766555786133,38276026.0,152531227.0,092500,akshare:stock_zt_pool_dtgc_em,2026-09-24T15:30:22.886000+00:00
2026-09-14,003004,计算机,-10.0,283400800.0,117450.0,150000,akshare:stock_zt_pool_dtgc_em,2026-09-24T15:30:23.015424+00:00
2026-09-14,002909,基础化工,-10.013350486755371,665584832.0,894398.0,150000,akshare:stock_zt_pool_dtgc_em,2026-09-24T15:30:23.015424+00:00
2026-09-14,603321,机械设备,-9.93197250366211,108290688.0,5090118.0,150000,akshare:stock_zt_pool_dtgc_em,2026-09-24T15:30:23.015424+00:00
2026-09-14,000930,农林牧渔,-10.034013748168945,810369968.0,29914304.0,140630,akshare:stock_zt_pool_dtgc_em,2026-09-24T15:30:23.015424+00:00
2026-09-14,002790,轻工制造,-9.989258766174316,694541216.0,32954383.0,143103,akshare:stock_zt_pool_dtgc_em,2026-09-24T15:30:23.015424+00:00
2026-09-14,002059,社会服务,-10.035211563110352,659498464.0,34257440.0,141721,akshare:stock_zt_pool_dtgc_em,2026-09-24T15:30:23.015424+00:00
2026-09-14,002769,交通运输,-10.027100563049316,10676456.0,48031602.0,092500,akshare:stock_zt_pool_dtgc_em,2026-09-24T15:30:23.015424+00:00
2026-09-14,600706,社会服务,-9.989372253417969,316875728.0,53566821.0,100339,akshare:stock_zt_pool_dtgc_em,2026-09-24T15:30:23.015424+00:00
2026-09-14,002161,电子,-9.950248718261719,794546816.0,54761332.0,132209,akshare:stock_zt_pool_dtgc_em,2026-09-24T15:30:23.015424+00:00
2026-09-14,000523,综合,-9.975062370300293,1105937040.0,55324997.0,134651,akshare:stock_zt_pool_dtgc_em,2026-09-24T15:30:23.015424+00:00
2026-09-14,600108,农林牧渔,-9.936574935913086,1797002432.0,63887871.0,140038,akshare:stock_zt_pool_dtgc_em,2026-09-24T15:30:23.015424+00:00
2026-09-14,600712,商贸零售,-10.0,502617200.0,81381458.0,112823,akshare:stock_zt_pool_dtgc_em,2026-09-24T15:30:23.015424+00:00
2026-09-14,002295,有色金属,-10.009016990661621,62863022.0,105361345.0,092500,akshare:stock_zt_pool_dtgc_em,2026-09-24T15:30:23.015424+00:00
2026-09-14,600354,农林牧渔,-10.027347564697266,987090000.0,110165485.0,134308,akshare:stock_zt_pool_dtgc_em,2026-09-24T15:30:23.015424+00:00
2026-09-14,600359,农林牧渔,-9.979423522949219,210366100.0,241900645.0,093423,akshare:stock_zt_pool_dtgc_em,2026-09-24T15:30:23.015424+00:00
2026-09-14,605577,传媒,-10.016068458557129,34552560.0,357435170.0,092502,akshare:stock_zt_pool_dtgc_em,2026-09-24T15:30:23.015424+00:00
2026-09-15,603344,电力设备,-9.992100715637207,245623061.0,3559798.0,150000,akshare:stock_zt_pool_dtgc_em,2026-09-24T15:30:23.147921+00:00
2026-09-15,600698,汽车,-10.0,453145376.0,5227721.0,144448,akshare:stock_zt_pool_dtgc_em,2026-09-24T15:30:23.147921+00:00
2026-09-15,603983,美容护理,-9.984102249145508,252913895.0,6024368.0,150000,akshare:stock_zt_pool_dtgc_em,2026-09-24T15:30:23.147921+00:00
2026-09-15,003002,基础化工,-10.0,278484880.0,7842015.0,143803,akshare:stock_zt_pool_dtgc_em,2026-09-24T15:30:23.147921+00:00
2026-09-15,000428,社会服务,-10.043667793273926,383983728.0,8229700.0,133727,akshare:stock_zt_pool_dtgc_em,2026-09-24T15:30:23.147921+00:00
2026-09-15,003013,建筑装饰,-10.005104064941406,193245830.0,12958173.0,132545,akshare:stock_zt_pool_dtgc_em,2026-09-24T15:30:23.147921+00:00
2026-09-15,600280,商贸零售,-9.84615421295166,324530272.0,14557523.0,130655,akshare:stock_zt_pool_dtgc_em,2026-09-24T15:30:23.147921+00:00
2026-09-15,002059,社会服务,-9.980430603027344,584500224.0,18978680.0,140245,akshare:stock_zt_pool_dtgc_em,2026-09-24T15:30:23.147921+00:00
2026-09-15,605188,商贸零售,-10.022438049316406,229148356.0,22092613.0,105607,akshare:stock_zt_pool_dtgc_em,2026-09-24T15:30:23.147921+00:00
2026-09-15,000713,农林牧渔,-9.98593521118164,228266809.0,36282105.0,095112,akshare:stock_zt_pool_dtgc_em,2026-09-24T15:30:23.147921+00:00
2026-09-15,000523,综合,-9.972298622131348,815487328.0,36844736.0,133551,akshare:stock_zt_pool_dtgc_em,2026-09-24T15:30:23.147921+00:00
2026-09-15,603261,国防军工,-10.00646686553955,148607874.0,39297453.0,095218,akshare:stock_zt_pool_dtgc_em,2026-09-24T15:30:23.147921+00:00
2026-09-15,002870,汽车,-10.0,213888878.0,56634210.0,093136,akshare:stock_zt_pool_dtgc_em,2026-09-24T15:30:23.147921+00:00
2026-09-15,002790,轻工制造,-10.023866653442383,359637568.0,58499014.0,100006,akshare:stock_zt_pool_dtgc_em,2026-09-24T15:30:23.147921+00:00
2026-09-15,605577,传媒,-10.0,740718928.0,69934656.0,110126,akshare:stock_zt_pool_dtgc_em,2026-09-24T15:30:23.147921+00:00
2026-09-15,600929,基础化工,-9.921259880065918,185925669.0,80256599.0,093436,akshare:stock_zt_pool_dtgc_em,2026-09-24T15:30:23.147921+00:00
2026-09-15,600865,商贸零售,-10.01602554321289,408077584.0,94352214.0,095920,akshare:stock_zt_pool_dtgc_em,2026-09-24T15:30:23.147921+00:00
2026-09-15,600712,商贸零售,-9.950248718261719,192632106.0,97083225.0,094708,akshare:stock_zt_pool_dtgc_em,2026-09-24T15:30:23.147921+00:00
2026-09-15,603136,社会服务,-9.99074935913086,106392342.0,108515761.0,093046,akshare:stock_zt_pool_dtgc_em,2026-09-24T15:30:23.147921+00:00
2026-09-15,002161,电子,-9.944750785827637,157142482.0,117328254.0,093048,akshare:stock_zt_pool_dtgc_em,2026-09-24T15:30:23.147921+00:00
2026-09-15,600354,农林牧渔,-10.030394554138184,843773328.0,137587590.0,101746,akshare:stock_zt_pool_dtgc_em,2026-09-24T15:30:23.147921+00:00
2026-09-15,600359,农林牧渔,-9.942856788635254,225434970.0,202043783.0,093628,akshare:stock_zt_pool_dtgc_em,2026-09-24T15:30:23.147921+00:00
2026-09-15,000759,商贸零售,-10.0,588044208.0,230252672.0,094636,akshare:stock_zt_pool_dtgc_em,2026-09-24T15:30:23.147921+00:00
2026-09-15,000978,社会服务,-10.036831855773926,716839872.0,266871712.0,093821,akshare:stock_zt_pool_dtgc_em,2026-09-24T15:30:23.147921+00:00
2026-09-15,601086,商贸零售,-10.005558013916016,875963584.0,330887706.0,094640,akshare:stock_zt_pool_dtgc_em,2026-09-24T15:30:23.147921+00:00
2026-09-15,600869,电力设备,-10.016420364379883,6344311040.0,347904222.0,141310,akshare:stock_zt_pool_dtgc_em,2026-09-24T15:30:23.147921+00:00
2026-09-15,600127,农林牧渔,-10.021171569824219,2077788000.0,447105282.0,102341,akshare:stock_zt_pool_dtgc_em,2026-09-24T15:30:23.147921+00:00
2026-09-16,002912,计算机,-9.98242473602295,499557808.0,120006052.0,094945,akshare:stock_zt_pool_dtgc_em,2026-09-24T15:30:23.272492+00:00
2026-09-16,601086,商贸零售,-10.006176948547363,697839056.0,239625869.0,094935,akshare:stock_zt_pool_dtgc_em,2026-09-24T15:30:23.272492+00:00
2026-09-16,000978,社会服务,-10.030706405639648,140477385.0,370765004.0,092500,akshare:stock_zt_pool_dtgc_em,2026-09-24T15:30:23.272492+00:00
2026-09-16,002212,计算机,-10.038609504699707,320673248.0,448080025.0,092500,akshare:stock_zt_pool_dtgc_em,2026-09-24T15:30:23.272492+00:00
2026-09-17,002163,建筑装饰,-9.965636253356934,628456720.0,461382.0,145600,akshare:stock_zt_pool_dtgc_em,2026-09-24T15:30:23.395564+00:00
2026-09-21,003013,建筑装饰,-10.015649795532227,314781440.0,1926825.0,145609,akshare:stock_zt_pool_dtgc_em,2026-09-24T15:30:23.660260+00:00
2026-09-21,605198,农林牧渔,-10.002328872680664,358205392.0,120796541.0,150000,akshare:stock_zt_pool_dtgc_em,2026-09-24T15:30:23.660260+00:00
2026-09-22,000668,房地产,-9.974160194396973,201315381.0,4274868.0,134757,akshare:stock_zt_pool_dtgc_em,2026-09-24T15:30:23.791756+00:00
2026-09-22,603375,电子,-10.0,466901024.0,7446996.0,135440,akshare:stock_zt_pool_dtgc_em,2026-09-24T15:30:23.791756+00:00
2026-09-22,603226,轻工制造,-10.008203506469727,380653488.0,21829203.0,150000,akshare:stock_zt_pool_dtgc_em,2026-09-24T15:30:23.791756+00:00
2026-09-23,603823,基础化工,-10.003565788269043,1333330592.0,9552456.0,135142,akshare:stock_zt_pool_dtgc_em,2026-09-24T15:30:23.918658+00:00
2026-09-23,603679,电子,-9.996170043945312,547065376.0,10325195.0,150000,akshare:stock_zt_pool_dtgc_em,2026-09-24T15:30:23.918658+00:00
2026-09-23,603248,电力设备,-10.00837516784668,501187872.0,19128786.0,142437,akshare:stock_zt_pool_dtgc_em,2026-09-24T15:30:23.918658+00:00
2026-09-23,000607,传媒,-10.0401611328125,619572576.0,24712271.0,133448,akshare:stock_zt_pool_dtgc_em,2026-09-24T15:30:23.918658+00:00
2026-09-23,600088,传媒,-10.019776344299316,475756960.0,30626791.0,133841,akshare:stock_zt_pool_dtgc_em,2026-09-24T15:30:23.918658+00:00
2026-09-23,000756,医药生物,-9.97521686553955,1333044256.0,48120483.0,135851,akshare:stock_zt_pool_dtgc_em,2026-09-24T15:30:23.918658+00:00
2026-09-23,002253,计算机,-10.02921199798584,16782612.0,76053968.0,092500,akshare:stock_zt_pool_dtgc_em,2026-09-24T15:30:23.918658+00:00
2026-09-23,605577,传媒,-10.005653381347656,440713232.0,81411489.0,102828,akshare:stock_zt_pool_dtgc_em,2026-09-24T15:30:23.918658+00:00
2026-09-23,003040,通信,-10.011312484741211,1102452672.0,89899455.0,110951,akshare:stock_zt_pool_dtgc_em,2026-09-24T15:30:23.918658+00:00
2026-09-23,001317,交通运输,-10.006064414978027,718069024.0,93441722.0,110339,akshare:stock_zt_pool_dtgc_em,2026-09-24T15:30:23.918658+00:00
2026-09-23,600630,纺织服饰,-10.021097183227539,522523904.0,126600400.0,095248,akshare:stock_zt_pool_dtgc_em,2026-09-24T15:30:23.918658+00:00
2026-09-23,920229,,-30.000001907348633,42862419.0,328070542.0,092501,akshare:stock_zt_pool_dtgc_em,2026-09-24T15:30:23.918658+00:00
2026-09-23,000993,公用事业,-9.995217323303223,764107472.0,460675282.0,094957,akshare:stock_zt_pool_dtgc_em,2026-09-24T15:30:23.918658+00:00
2026-09-24,000607,传媒,-10.044642448425293,488481952.0,1981083.0,150000,akshare:stock_zt_pool_dtgc_em,2026-09-24T15:30:24.041965+00:00
2026-09-24,605179,食品饮料,-10.003690719604492,697878704.0,2913410.0,150000,akshare:stock_zt_pool_dtgc_em,2026-09-24T15:30:24.041965+00:00
2026-09-24,603823,基础化工,-10.00594425201416,1505987776.0,6999222.0,145616,akshare:stock_zt_pool_dtgc_em,2026-09-24T15:30:24.041965+00:00
2026-09-24,000593,公用事业,-10.004134178161621,492443408.0,11264059.0,142136,akshare:stock_zt_pool_dtgc_em,2026-09-24T15:30:24.041965+00:00
2026-09-24,920229,,-30.000001907348633,574268944.0,18185687.0,141101,akshare:stock_zt_pool_dtgc_em,2026-09-24T15:30:24.041965+00:00
2026-09-24,920025,,-30.000001907348633,577722352.0,33568080.0,141231,akshare:stock_zt_pool_dtgc_em,2026-09-24T15:30:24.041965+00:00
2026-09-24,002106,电子,-10.0,715305552.0,40794972.0,143921,akshare:stock_zt_pool_dtgc_em,2026-09-24T15:30:24.041965+00:00
2026-09-24,000978,社会服务,-10.01137638092041,597634384.0,64390018.0,103739,akshare:stock_zt_pool_dtgc_em,2026-09-24T15:30:24.041965+00:00
2026-09-24,601086,商贸零售,-9.988248825073242,1165472048.0,78793824.0,130215,akshare:stock_zt_pool_dtgc_em,2026-09-24T15:30:24.041965+00:00
2026-09-24,600503,房地产,-9.863945960998535,475416016.0,81877580.0,095527,akshare:stock_zt_pool_dtgc_em,2026-09-24T15:30:24.041965+00:00
2026-09-24,600664,医药生物,-9.955751419067383,4120296768.0,171037680.0,130039,akshare:stock_zt_pool_dtgc_em,2026-09-24T15:30:24.041965+00:00
2026-09-24,000823,电子,-10.0,3267359872.0,348555640.0,130936,akshare:stock_zt_pool_dtgc_em,2026-09-24T15:30:24.041965+00:00
2026-09-24,601091,机械设备,-10.0,1522465536.0,373188384.0,101632,akshare:stock_zt_pool_dtgc_em,2026-09-24T15:30:24.041965+00:00
